submission_id,title,main_type,ID,relevance,competence,priorQ_1,priorQ_2,target
2620,Grandma,xor,16,0.08258598538781267,-1.070833258851586,0.5811511946940369,0.5811511946940369,0
2620,Alissa's paint,xor,8,-1.4100792319919127,0.059333768960114275,1.544201745901298,1.6106190252949022,0
2620,Mrs. Gibbs' worry,xor,29,0.35175512294809097,1.1895007967718148,-0.5479425549972348,-0.614359834390839,0
2620,Crush,xor,28,1.0369129276469813,1.1895007967718148,0.5811511946940369,0.5811511946940369,0
2619,Crush,xor,28,1.0043731967800797,0.3472364603066084,-0.720239418558996,-0.9310411996006533,0
2619,Leo's prize,xor,18,-0.40837151956992257,-0.7021892863978081,1.282377501336749,0.4391703771701197,0
2619,Tony's clubbing,xor,9,0.8277801072363296,0.47069831286006913,-0.4040367469965099,-0.5094376375173385,0
2619,Jimmy's trip,xor,1,-1.3354852396746117,-0.33180372873742575,-0.5094376375173385,-0.2986358564756812,0
2618,Danny's racket,xor,30,-1.025698116146797,0.8063718373708226,1.2215262155573543,1.0423292157200896,-1.314893056940245
2618,Crime,xor,24,0.06306881620320111,-1.4322126663750432,1.0423292157200896,-0.35540738301057484,-0.6200065211540563
2618,Hippies,xor,12,-1.264695735443138,0.9748674451796512,-0.4987649828803866,-0.4629255829129337,-1.2190466382111156
2618,Chloe's holiday,xor,14,-0.12281822102728637,-0.7823010362552757,1.0423292157200896,1.1856868155899014,1.081267411287992
2617,Crush,xor,28,2.0212684917619117,0.009663203658883924,0.27791123256265715,-0.8820660859597393,-1.9072262461743414
2617,Leo's prize,xor,18,-0.6737561639206372,-0.9180043475939726,0.27791123256265715,0.27791123256265715,0.6357420820581139
2617,Joshua's delay,xor,5,-0.6737561639206372,-0.9180043475939726,0.27791123256265715,0.27791123256265715,0.31282546894923063
2617,Brad Pitt,xor,4,-0.6737561639206372,0.1642744622010267,-0.5920717563291402,-0.44707459151384066,1.1201170017214386
2616,Gerald's graduation,xor,6,-0.9110505936157424,0.012188346051278488,1.906335620937451,1.906335620937451,0.44786314354815715
2616,College,xor,20,0.17677101070156195,-1.0116327222561146,-0.5016672686677504,-0.3336670670673874,-2.5378911467728904
2616,Brad Pitt,xor,4,-1.2373970749109335,0.8897492617433296,-0.8936677390685971,-0.8936677390685971,0.44786314354815715
2616,Pete's accident,xor,26,1.1558104545871357,-1.596673332717482,0.31033370573400365,0.22633360493382218,0.44786314354815715
2615,Alissa's paint,xor,8,-1.5430025119074602,-0.20875705134755634,1.4191143416537038,1.4774341091189245,-0.34374773981991624
2615,Harold's pet,xor,2,-1.0150505322731356,0.8460154186190442,-0.7678769382920726,-0.7387170545594622,1.068405137278118
2615,Tony's clubbing,xor,9,-1.0904722436494678,0.758117712788494,-1.0886356593507864,-1.0011560081529554,0.10219527400051565
2615,Grandma,xor,16,0.16655627928939998,0.9925115950032942,0.5151579459427827,1.0691957368623795,-1.3842814387342575
2614,Danny's racket,xor,30,0.8971133087180377,1.356670098925243,1.7863731607345203,1.4093496795744709,0
2614,Frank's laptop,xor,27,-0.01830843487179669,-0.15916241384039162,0.27827923609432215,0.27827923609432215,0
2614,Brad's clothes,xor,21,-1.3731326153847516,-0.12884576358507893,0.27827923609432215,0.27827923609432215,0
2614,Dave's kids,xor,3,-1.299898875897565,-1.49309502507415,0.27827923609432215,0.27827923609432215,0
2613,Presents,xor,31,0.7095626903201806,1.4038243071249779,1.7642419904301148,1.811288443508251,-2.062765134473627
2613,Brad's clothes,xor,21,-0.5627566164608329,-0.3770790210076801,0.3528483980860229,-0.6821735696329777,0.6628104185846189
2613,Dave's kids,xor,3,-0.7258744763045525,-1.394738065654913,-0.8703593819455233,-0.6351271165548413,-0.47697572178519304
2613,College,xor,20,1.9818819971011938,0.3861652624777447,0.30580194500788654,0.07056967961720459,0.1176953079729697
2612,Rabbits,xor,23,0.044854168491575884,-1.2349675871498207,0.4052679696905949,0.9332742387731985,-2.5900450446533423
2612,Harold's pet,xor,2,-1.6297014551939237,-0.0202453702811446,-1.3732794630087013,-1.3732794630087013,0.37000643495047747
2612,Lily's husband,xor,10,0.16446528446911157,0.7895694409646394,0.572006791506154,0.6275863987780069,0.37000643495047747
2612,School,xor,15,0.76252086435679,0.006748456760381534,0.961064042409125,0.9332742387731985,0.37000643495047747
2611,School,xor,15,-1.035347077210952,0.6686176123580457,0.6418131596367397,0.6713218106545209,-0.5173255743578052
2611,Brad's clothes,xor,21,-1.0056597058213907,0.313711581153775,-0.39098962598560005,-0.39098962598560005,0.18926545403334338
2611,Semester abroad,xor,32,1.0130815486687812,0.9474723511614013,0.9368996698145511,0.9664083208323322,0.391148605002243
2611,Carl's party,xor,17,0.8646446917209744,-1.4354681440672736,0.8778823677789889,0.90739101879677,-2.4015683167342017
2610,Mrs. Sanders' son,xor,25,1.267007024185995,0.9473672567738307,-0.17685566635051864,-0.17685566635051864,0.7927604207694607
2610,Unexpected guest,xor,11,-1.3821894809301762,0.6165405956782073,-0.17685566635051864,-0.17685566635051864,0.6530669545545777
2610,Dave's kids,xor,3,0.02879561418604534,-1.3383442198868403,-0.17685566635051864,-0.17685566635051864,0.4295574086107651
2610,Crime,xor,24,0.02879561418604534,0.01503757550434652,0.7958504985773338,-0.17685566635051864,-0.29684861570662624
2609,Gerald's graduation,xor,6,-0.7359147019883311,-0.5071754930278586,1.4913097374178468,1.4913097374178468,-0.8871365020020073
2609,Leo's prize,xor,18,0.40503832435016673,-0.3762914948271208,-0.006687487611739223,-0.03343743805869612,-0.12673378600028676
2609,Pete's accident,xor,26,0.815781413832026,-0.9434554870303175,-0.7556861001265321,-0.7556861001265321,-0.8871365020020073
2609,Unexpected guest,xor,11,0.815781413832026,1.2379444829819772,-0.7556861001265321,-0.7556861001265321,-0.8871365020020073
2608,Tony's clubbing,xor,9,1.0750787796735122,-0.14346315914951338,-0.7744276072559804,-0.4539748042535057,0.8147609752116766
2608,Danny's racket,xor,30,-0.5877097328881866,1.496115802559211,1.056731267043875,1.1025102389013715,-1.6386765681223607
2608,Joshua's delay,xor,5,-0.5017034305143057,0.5779515840023253,1.1940681826163642,0.5531625766114148,0.19224697167915963
2608,Chloe's holiday,xor,14,-1.591116593916798,0.15166105395805698,0.7820574358988966,0.7820574358988966,-1.6386765681223607
2605,Leo's prize,xor,18,0.738392323773796,-1.3299368891553758,-0.2381955867057957,-0.13963189565512166,-2.0176036410813207
2605,Crush,xor,28,0.036145078786129874,0.16248097740812284,-0.6817321964338288,-0.8788595785351768,0.7910428372521477
2605,Gigi's exams,xor,22,1.3580222458217368,-0.463371676312054,0.6981594782756075,0.8952868603769556,-0.31108426184073223
2605,Semester abroad,xor,32,0.6970836623039334,1.1253312139007026,0.8460050148516186,0.5995957872249336,0.1510980700369271
2603,Hippies,xor,12,-1.6701456227906297,0.3929310341098088,-1.1511364366186878,-1.1511364366186878,-1.549678299683092
2603,Harold's pet,xor,2,-1.1518245674418135,-0.6385129304284393,-0.9362576351165328,-1.1511364366186878,0.5397755875300657
2603,College,xor,20,0.7198903546511335,-2.062887929076496,-0.5371970037553877,-0.8441667201870378,-1.7725533809858287
2603,School,xor,15,-0.8062771972092695,0.7858620682196176,1.2432273515481829,1.0897424933323578,0.344759891390171
2601,Leo's prize,xor,18,-0.4271611717685336,-0.8963154848825183,-1.1256722260865686,-1.1256722260865686,-1.9576335565998348
2601,Chloe's holiday,xor,14,-0.8579119332157943,-0.6922761875108882,0.043295085618714174,0.043295085618714174,0.6769387064877934
2601,Gigi's exams,xor,22,0.8650911125732487,0.7359988940905232,0.043295085618714174,0.043295085618714174,-0.20125204787474937
2601,Hippies,xor,12,-0.8866286506456117,0.9108897204090634,0.9091967979929977,0.6494262842807127,0.6769387064877934
2600,Gerald's graduation,xor,6,-1.0498241783689335,0.2832725799325212,1.8338173728981546,1.7046247595432944,1.3696954518845623
2600,Pete's accident,xor,26,1.5515100689169194,0.336594477331584,-0.491649667489329,-0.9222917120055296,0.6432271459126397
2600,Gigi's exams,xor,22,0.5109763700025782,-1.5296719316356144,0.41269862599469237,0.41269862599469237,-0.9913265425241861
2600,Dave's kids,xor,3,-1.2727956852791493,-1.2097405472412375,-0.7069706897474293,-0.534713871940949,-0.688631415035885
2599,Leo's prize,xor,18,0.7781879862863949,-0.23490461932490853,0.5690050199874003,0.31134236942706794,0.7141136605215624
2599,Lily's husband,xor,10,-1.5169286552955992,0.2013468165642073,0.4401736947072341,0.4401736947072341,-0.19159146989602893
2599,Mrs. Sanders' son,xor,25,0.31916465796999605,0.30202022484631097,0.31134236942706794,0.31134236942706794,-0.4702699715629801
2599,Mrs. Gibbs' worry,xor,29,0.720810070246845,1.409427715949451,0.18251104414690178,0.4401736947072341,0.5747744096880868
2597,Semester abroad,xor,32,-0.16164245849865672,0.4380031384828884,1.9550916007523425,1.2993465918043519,0.37000643495047747
2597,Harold's pet,xor,2,-0.4079547762108955,-0.3406691077089132,-0.7407489915893966,-1.3236334439876105,0.37000643495047747
2597,Carl's party,xor,17,1.4393876066308955,-2.3227439161971355,-0.4493067653902897,0.06071713045814745,0.37000643495047747
2597,Crush,xor,28,1.8088560831992535,0.6149741035264796,-0.4493067653902897,-0.6678884350396199,0.37000643495047747
2596,Chloe's holiday,xor,14,-0.9034889617892432,1.248967315360458,1.2145339917912907,1.2145339917912907,-1.6514408216477103
2596,Gerald's graduation,xor,6,-1.059487055911127,-0.3588986538392121,1.2720267251305233,1.2145339917912907,0.23942822321286505
2596,Tony's clubbing,xor,9,0.6824916617832413,-0.9331364999819514,-0.5964871083945392,-0.5677407417249228,-1.6514408216477103
2596,Harold's pet,xor,2,-1.1114864206184216,-0.5311700076820338,-0.912697141760319,-0.7114725750730047,0.8042332625868032
2595,Gigi's exams,xor,22,-0.2995284612923315,-0.8865198467309201,-0.2488156129751559,-0.06966837163304354,0.3837119342486607
2595,Hippies,xor,12,-0.7462827764402158,0.18341789932363864,0.34834185816521857,0.5274890995073309,-1.6233966448981798
2595,Harold's pet,xor,2,-1.924089607284638,-0.7642412471818276,-1.204267566799755,0.1094788697090688,0.4427445395176854
2595,Chloe's holiday,xor,14,0.39091002575439876,-0.550253697970916,1.5426568004459675,1.2440780648757803,-0.20661411844158653
2594,Carl's party,xor,17,0.6624042193323376,-1.2120136884632238,0.7111887816828467,0.7111887816828467,-2.5488433138435966
2594,Mrs. Gibbs' worry,xor,29,0.4925569836060972,1.0313021359417147,1.8846502714595434,0.9778845748139141,0.4111037602973543
2594,Jimmy's trip,xor,1,-1.4776709508182915,-0.21498443317213994,-0.14223775633656918,-0.30225523221520967,-0.08222075205947085
2594,Chloe's holiday,xor,14,-0.11889306500836828,0.9066734790303292,0.3378146712993522,0.3378146712993522,0.476880361944931
2592,Gigi's exams,xor,22,0.26426902895807675,-1.0402715317565765,0.16994558622994407,0.30820640214583084,-1.5554998006896317
2592,Eyewitness,xor,19,-0.8401388532547813,-1.5550450732443668,-1.5583146127186405,-1.5583146127186405,0.5582752709324431
2592,Bill's order,xor,13,-1.0610204296973529,1.0474211642772402,0.23907599418788744,0.10081517827200068,-0.2940533869796838
2592,Greg's movie,xor,7,-1.0294659187769855,-0.21091415935958077,1.5871189493677833,1.5871189493677833,-1.5895929470061168
2591,Brad's clothes,xor,21,-1.097226830019566,-0.8748786672652574,-0.6894132577802476,-0.4658197687704376,0.0205698850038463
2591,Eyewitness,xor,19,-0.8207602271799903,-1.1791842906618686,-1.0620690727965978,-0.16769511675735754,-1.690844547316166
2591,Lily's husband,xor,10,-1.200901806084407,1.027031478963563,0.5776165132753426,-1.0620690727965978,0.9750125491823147
2591,Gerald's graduation,xor,6,0.5615727870178882,-0.5959318458183637,2.664489077366903,0.5776165132753426,0.05348170101000039
2590,Eyewitness,xor,19,0.6082238597996938,-0.5615739626499773,1.143447097319249,1.84710684951571,0.5651941652604391
2590,Bill's order,xor,13,-0.9743391928830047,0.9642118981348666,0.4397873451227881,-0.2638724070736729,0.5651941652604391
2590,Harold's pet,xor,2,-0.8089967843937677,-1.0065948387122234,-0.2638724070736729,0.08795746902455762,0.5651941652604391
2590,Joshua's delay,xor,5,-0.9743391928830047,-1.154935130732972,1.143447097319249,-0.2638724070736729,0.5651941652604391
2589,Brad's clothes,xor,21,-1.0200380219364622,-0.18301426483635047,0.7846127316605067,0.9692274920512142,-2.025094253850741
2589,Tony's clubbing,xor,9,-0.6036959721664776,1.0148972868197617,-0.9999966187829987,-0.753843604928722,0.7113094979936385
2589,Leo's prize,xor,18,1.283721320124119,-0.5823181153883878,-0.6615362247333684,-0.7846127316605067,0.649118503633539
2589,Mrs. Sanders' son,xor,25,1.089428363564793,0.5889731795642551,-0.5076905910744455,-0.7230744781969375,-1.092229338449248
2588,Brad's clothes,xor,21,-0.6652558572036679,-0.6344333941862551,-0.05503357150386819,0.17467177042532062,-1.1953976550391088
2588,Mrs. Sanders' son,xor,25,1.2302676811300708,0.7301969253841805,-0.7441495972914346,0.43309028009565803,0.9584719936800061
2588,Dave's kids,xor,3,-1.1998907013490814,-1.6638913545639522,-0.7441495972914346,-0.7441495972914346,-1.1953976550391088
2588,Carl's party,xor,17,1.2302676811300708,-1.3526598781706949,-0.7441495972914346,-0.7441495972914346,-0.506159367448992
2587,Chloe's holiday,xor,14,-1.4195274493046008,0.943751302335499,0.7779753839236944,0.944684394764486,0.6089783818763866
2587,Presents,xor,31,-0.08872046558153755,0.540595406192179,1.2114188121097527,1.3447860207823858,-0.2382958885603252
2587,Jimmy's trip,xor,1,0.798484190233838,0.6505470142312663,-1.2225327461658053,-1.2225327461658053,0.6089783818763866
2587,College,xor,20,-0.6210432590707629,-0.8887754983159554,0.3778737579057944,0.3778737579057944,-0.45011445616950313
2585,Greg's movie,xor,7,-0.16741776258649735,-0.9311443434192331,1.5138635679894992,0.6288356359340996,-0.009130694441127492
2585,Gigi's exams,xor,22,-0.026434383566289056,-1.5164350735684653,-0.48909438350429973,-0.5822552184574996,-0.37435847208622713
2585,Frank's laptop,xor,27,1.48913694090095,1.1439773362007721,1.5138635679894992,-0.25619229612129985,0.13696041661691238
2585,Danny's racket,xor,30,-0.5198762101370181,1.1439773362007721,-0.11645104369149993,-0.48909438350429973,-0.7395862497313268
2584,Jimmy's trip,xor,1,-1.5096303149706922,0.5519850541454904,-1.4393713326064643,-1.4393713326064643,1.1259478863636396
2584,Lily's husband,xor,10,0.7247639685456485,0.5519850541454904,0.8636227995638786,0.6442900250714649,0.6346251723140515
2584,Frank's laptop,xor,27,1.120732575751076,0.9765889419497137,-1.000705783621637,-0.45237384739060305,0.2743218486776868
2584,School,xor,15,-1.1419451797085096,0.9482820160960989,1.5216211230411194,1.5216211230411194,-2.1495368739669485
2582,Leo's prize,xor,18,0.8517732259457738,0.18414297008827055,-2.1983605497232688,-1.6618115341975896,-2.2497923777808952
2582,Gerald's graduation,xor,6,-0.8381448543306415,-0.994372038476661,1.0209335434308058,1.0209335434308058,0.26438801778799875
2582,Pete's accident,xor,26,1.8875294686958348,0.3805621381824258,0.39495969198418024,0.39495969198418024,0.30429564311448914
2582,Gigi's exams,xor,22,0.7427462530247148,-0.994372038476661,0.39495969198418024,0.39495969198418024,-0.2544111114563762
2581,College,xor,20,0.1484613924064612,-0.24045808788534268,-0.5231373504786202,-0.9939609659093785,-0.19132569668516722
2581,Tony's clubbing,xor,9,0.44538417721938356,0.4520612052244442,-1.1509021710529648,-1.3078433761965509,0.20366929001969414
2581,Brad's clothes,xor,21,-0.0890768354438767,-2.164122790968084,0.10462747009572426,-0.44466674790682714,0.5492899033864478
2581,Crush,xor,28,0.9798451898826438,1.2984736745808503,0.7323922906700687,0.49698048295468955,0.5492899033864478
2580,Frank's laptop,xor,27,1.2558278425579257,0.8912835120000162,0.5066565481980014,0.4739690289594207,0.9889340275665217
2580,Gigi's exams,xor,22,0.31980709034083826,-1.485472520000027,0.7354691828680666,0.572031586675163,-0.9816890896356314
2580,Carl's party,xor,17,0.6942153912276733,-1.1613694247272939,0.08171879809645186,0.14709383657361333,-1.5323043723832919
2580,Semester abroad,xor,32,0.5382119325248254,0.9182921032727439,1.3565320484011008,1.2257819714467777,-1.0396485930827535
2579,Jimmy's trip,xor,1,-1.5720612890129404,-0.07953429952989761,-0.02816462455394956,1.0702557330500873,-1.2007721666935498
2579,Pete's accident,xor,26,0.10729201675755973,0.33217266274251356,-0.746362550679666,0.9857618593882382,-1.9864074876528985
2579,Unexpected guest,xor,11,0.6297574896639375,0.5941680023704116,-0.7041156138487414,-1.1688319189889107,0.584762653668606
2579,Alissa's paint,xor,8,-1.7586561007652182,-0.26667382783553906,-0.07041156138487405,1.1547496067119363,0.870448224926551
2572,Semester abroad,xor,32,0.13981966961348205,0.6702464677105726,0.09847079172266794,0.2672778632472419,-1.2804268726503294
2572,Pete's accident,xor,26,0.33721214436192726,-0.549842910636817,0.4360849347718158,0.4360849347718158,-1.17191612073081
2572,Joshua's delay,xor,5,0.4030096359447424,-0.7103809867351578,0.7736990778209637,0.6892955420586767,-1.2804268726503294
2572,Harold's pet,xor,2,-0.25496527988340845,1.0555378503465904,0.5204884705341029,0.3516813990095289,0.8897881657400595
2571,Frank's laptop,xor,27,1.5120661459855036,0.4667406339186138,0.13077244332545523,0.2428631090329883,0.7218399927122493
2571,Gerald's graduation,xor,6,-0.9133800577272839,0.11242657605338872,1.4011333213441632,1.1022248794574083,0.23554778709557608
2571,Gigi's exams,xor,22,0.3760976708288816,-0.051102989115176696,0.35495377474052137,0.2428631090329883,-0.6154635727336021
2571,School,xor,15,-1.3432059672460057,0.3304659962781426,0.7285893270989648,0.952770658514031,0.41790736420182856
2570,Joshua's delay,xor,5,0.3264807767752128,1.0600698122844745,1.6830383667893907,1.3354228693457988,-0.6472852189275904
2570,Crush,xor,28,-1.2149366611143164,1.0600698122844745,-0.9588394137819077,-0.5417008168495975,-2.3733791360678316
2570,Grandma,xor,16,-0.8295823016419341,-0.923518446634271,0.9530458221578477,0.9530458221578477,0.5919616959423263
2570,Brad Pitt,xor,4,-0.8295823016419341,-0.5497989195916088,-0.02027757068420961,-0.6807470158270342,0.3264087856130584
2569,Leo's prize,xor,18,1.420593611892236,-0.33813356921485993,-0.9599040823819339,-0.9599040823819339,0.4962976952754671
2569,Frank's laptop,xor,27,0.30274945827211586,0.7791773551472859,0.7744680664672422,-0.3708720318293835,0.4962976952754671
2569,Chloe's holiday,xor,14,-0.9082483748163476,0.45574524546350687,0.7744680664672422,0.6108480524248671,-0.2721632522478368
2569,Semester abroad,xor,32,0.48905681720880256,0.8379831932716094,1.5598441338706428,1.6907401451045427,0.36822087068824977
2568,Hippies,xor,12,-0.6894416016541068,0.23079291867983617,-0.07650643325927259,0.5202437461630531,1.6491391192217457
2568,College,xor,20,1.2433519482821926,-0.9470468042379484,-1.2241029321483605,-1.178199072192797,-0.33566548444336414
2568,Alissa's paint,xor,8,-0.07660462240601187,-0.5332112259154835,0.8415707658519977,0.6120514660741802,1.6491391192217457
2568,Crime,xor,24,0.677656275130105,-0.5332112259154835,0.8415707658519977,0.6579553260297437,-0.37458322177013104
2567,Greg's movie,xor,7,-0.3031893130692744,0.14556925255362888,1.0569787747590362,0.6839274424911411,0.3086066999241838
2567,Gigi's exams,xor,22,1.4293210473265792,-0.9053697414920819,0.5143586550966432,0.5482724125755428,-0.23145502494313785
2567,Presents,xor,31,0.5977160743365695,0.8840669240452095,1.2265475621535342,1.1926338046746345,-0.38575837490522974
2567,Frank's laptop,xor,27,1.1867695968711598,1.3953345427701498,-0.8082778865804396,-0.7743641291015401,0.1543033499620919
2566,Semester abroad,xor,32,1.1146269047395607,1.6727744569374972,0.8487706779854557,0.7073088983212131,-1.233335451437081
2566,Lily's husband,xor,10,-1.5644763281770515,-1.7585577624214712,-1.0609633474818196,-0.8487706779854557,-1.233335451437081
2566,Brad's clothes,xor,21,-0.4848377119270735,0.47180818016185816,-0.42438533899272785,0.7073088983212131,0.6763452475622701
2566,Joshua's delay,xor,5,0.23492136557291188,0.4031815357746788,0.7073088983212131,0.7073088983212131,1.040093952133575
2565,College,xor,20,0.8422357844670505,-1.3889235815616365,0.2195288322494599,-0.05987149970439815,-1.4063160419226082
2565,Gigi's exams,xor,22,-1.173607240650808,-1.3646098208340804,1.416958826337423,1.6564448251550157,1.1595939293046067
2565,Brad Pitt,xor,4,-0.8698500724823637,0.8236286446459595,-1.2173871606560958,-1.2573014937923612,0.8494289877276906
2565,Frank's laptop,xor,27,0.7593929204211111,0.6048047980979555,-0.09978583284066359,0.2195288322494599,0.9340194263395768
2563,School,xor,15,-1.322191468439448,1.29179705649051,1.3023807136623085,1.4121833031045639,-1.0394669357434863
2563,Hippies,xor,12,0.5351727372254909,0.25835941129810197,0.4239599981242644,0.3141574086820089,0.6906525277758734
2563,Danny's racket,xor,30,0.18888449549134972,1.7346989044301133,-0.5276624437086167,-0.6374650331508721,-0.5092690356327148
2563,Gigi's exams,xor,22,0.7240572327168406,-1.181071594505609,0.7533677664510309,1.0827755347777974,-1.932431820140575
2502,Grandma,xor,16,-0.7879527818783564,0.8671900616664494,0.848938090157857,0.848938090157857,-0.3983763731409694
2502,Gigi's exams,xor,22,-0.5644200777993901,-0.1781897386985855,0.8011105921207946,0.7532830940837323,-2.045595533993517
2502,Joshua's delay,xor,5,-0.7879527818783564,-0.2732242660044978,1.231558074454356,1.231558074454356,-0.792276607257883
2502,Frank's laptop,xor,27,1.447374258911307,0.8671900616664494,-0.968506835250513,-0.7293693450652011,0.31780587070796434
2501,Dave's kids,xor,3,-2.1747453598832376,-0.8870694641568388,-1.5207811579568165,-1.4700884526915894,-0.7549633364701123
2501,Crush,xor,28,0.5723014104955888,0.8870694641568388,0.709697873713181,0.709697873713181,-1.555406392004689
2501,Chloe's holiday,xor,14,-0.13527124248077554,1.0209667417654182,0.91246869477409,1.0645468105697715,-0.2455904829481088
2501,Hippies,xor,12,-0.4266246878239844,0.8201208253525492,0.709697873713181,0.709697873713181,-0.5366606849606822
2500,Carl's party,xor,17,0.6990796522756081,-1.0269426787868312,0.5286624910886241,0.5286624910886241,0.15566544168618257
2500,Unexpected guest,xor,11,-1.4368018983955964,0.23500569138382033,0.5286624910886241,0.5286624910886241,0.8013887553473844
2500,Pete's accident,xor,26,0.5585611292051341,1.084889287621198,0.5286624910886241,0.5286624910886241,0.7091425676814984
2500,Grandma,xor,16,-0.17213519076133063,0.9046109490253905,0.5286624910886241,0.5286624910886241,0.6630194738485554
2499,School,xor,15,-0.9998560043577195,-1.047599595788397,1.300237963787802,0.7683224331473376,-1.5336933394439403
2499,Brad Pitt,xor,4,-1.6278647343675268,1.1419779377513155,-1.5366448662946752,-0.8274241587740558,0.9302730091709146
2499,College,xor,20,1.3799665514689188,-0.972096922218062,0.35461035376030964,0.5319155306404645,-0.2765676513751368
2499,Crime,xor,24,-0.20658181908217346,-0.7455889015070573,0.5319155306404645,0.7092207075206193,-1.5839783669666925
2498,Frank's laptop,xor,27,1.1303655805670538,0.5700697235460161,0.3350947431693146,0.3350947431693146,-1.2269875849919347
2498,Harold's pet,xor,2,-1.3539543767231743,0.7349091616798039,0.3350947431693146,0.3350947431693146,0.7185062434637456
2498,Crime,xor,24,1.1303655805670538,-0.1991809877449936,0.3350947431693146,0.3350947431693146,-1.2269875849919347
2498,Eyewitness,xor,19,1.1303655805670538,-1.0508514181028972,-1.8743211458591325,-1.8743211458591325,0.36478009283544005
2496,Harold's pet,xor,2,-0.5012884616697809,-0.3529147230289338,0.13130775294027935,-0.018758250420039906,0.5630253554994964
2496,Pete's accident,xor,26,0.9598313956002783,0.2593710615031923,0.018758250420039906,0.09379125210019953,0.5630253554994964
2496,Mrs. Gibbs' worry,xor,29,-0.6256390878204243,1.0417362306275757,-0.3564067579807582,-0.39392325882083806,0.5630253554994964
2496,Tony's clubbing,xor,9,0.7422177998366524,0.8036250921984155,-1.406868781502993,-1.3318357798228333,0.5630253554994964
2495,Semester abroad,xor,32,-0.5469645246864868,1.0581748685164858,-0.10148249624284687,0.8379554689766506,-2.190677838012715
2495,Crush,xor,28,1.3891930848232008,-0.08139806680896045,-0.10148249624284687,-0.10148249624284687,0.03428887050802511
2495,School,xor,15,-0.5469645246864868,0.7651418280042281,-0.10148249624284687,-0.10148249624284687,0.8572217627006278
2495,Greg's movie,xor,7,-0.5469645246864868,-0.08139806680896045,1.325071450942316,1.2902774522304827,-0.1790641015419089
2493,Frank's laptop,xor,27,-0.20942115046812734,-0.04086016466325914,-0.4782288232187726,-0.5845018950451665,0.40726574201052634
2493,Bill's order,xor,13,-0.20942115046812734,0.5374683198013318,1.115867254177136,1.115867254177136,0.13575524733684213
2493,Harold's pet,xor,2,-0.20942115046812734,0.5374683198013318,1.115867254177136,1.115867254177136,0.40726574201052634
2493,Tony's clubbing,xor,9,-1.2934835764207866,1.2163756711293299,-0.7970480386979543,-0.6907749668715604,0.40726574201052634
2492,Greg's movie,xor,7,-1.660067451971453,-0.9998980305620149,1.4490056058093292,1.111074969825528,-1.264962141055651
2492,Crime,xor,24,-0.17285574647246957,0.4794031653379523,0.31232983022745253,0.6195394993036354,-0.41660429795245996
2492,Unexpected guest,xor,11,0.8708015907197995,1.054686963743495,-1.3773233496915533,-1.3158814158763168,-1.2346636466591085
2492,Pete's accident,xor,26,0.8708015907197995,-0.1232750996583306,-0.33281047483253157,-0.1792056402944401,0.6135445115299865
2491,Brad Pitt,xor,4,-0.8613478801022502,0.5194357061716965,-1.8752701900780522,-0.4569986177501136,-0.9641783798055715
2491,Rabbits,xor,23,1.2523892489830262,0.5194357061716965,-0.2994128874914537,-0.2994128874914537,-0.9641783798055715
2491,Danny's racket,xor,30,0.32234491218550465,-0.7865740693457118,1.2764444150951448,0.5515500559053095,-0.9641783798055715
2491,Gerald's graduation,xor,6,-1.6645679891546552,-2.330040167684467,1.2764444150951448,1.2764444150951448,-0.9641783798055715
2490,Crime,xor,24,-0.23884392964584972,-0.22163671570798513,0.9817679881119963,0.9357476136692464,-0.432564810962134
2490,Chloe's holiday,xor,14,-0.8666622590006546,0.3592043323543207,1.580032855867744,1.580032855867744,-2.3925044854100332
2490,Crush,xor,28,1.044089178166143,0.8177630545087727,-0.8590469895979969,-0.5829247429414979,0.578029083675064
2490,Unexpected guest,xor,11,0.880310483551846,0.48148665826217457,-0.7670062407124971,-0.9050673640407466,0.6699012559148093
2489,Semester abroad,xor,32,0.738691188069973,0.8495525018249905,1.3455548504580837,1.3170774991256375,0.4506433100335473
2489,Dave's kids,xor,3,-0.7911870085419508,-1.3723540414096,0.2349381484926813,0.14950609449534263,0.28677301547589373
2489,College,xor,20,1.068664916750976,0.24833073130268954,-0.7048144454780438,-0.7332917968104901,0.942254193706508
2489,Alissa's paint,xor,8,-1.061165513826408,-1.476914349326522,1.2316454451282988,1.1746907424634065,0.28677301547589373
2488,Chloe's holiday,xor,14,-0.28898242906228566,0.06349768868938721,0.4986206870274041,0.4986206870274041,-0.858055059968525
2488,Unexpected guest,xor,11,0.7513543155619427,-0.10582948114897868,-0.5511070751355519,-0.44613429891925627,-1.3703267375616743
2488,Semester abroad,xor,32,-0.28898242906228566,1.0117298397842363,0.3936479108111085,0.3936479108111085,0.3713969662550332
2488,Crime,xor,24,-0.21192044797900947,-0.4444838208257105,0.3936479108111085,0.3936479108111085,-0.5506920534126355
2484,Grandma,xor,16,0.26704827238838547,1.925409245587741,-1.0607612014673182,-0.9664713168924454,0.9973142465251524
2484,Unexpected guest,xor,11,-0.7763031174080973,0.07405420175337465,0.8250364900301363,0.8250364900301363,0.9973142465251524
2484,Harold's pet,xor,2,-0.9750367154645703,-0.9627046227938705,0.8250364900301363,0.8250364900301363,0.9973142465251524
2484,Carl's party,xor,17,0.26704827238838547,-0.4443252105202479,0.8250364900301363,0.8250364900301363,-1.5808955086839753
2483,Grandma,xor,16,-0.7375675209451785,0.01513973290376528,0.3435168541828789,0.3435168541828789,-1.9892827720097086
2483,Alissa's paint,xor,8,-0.7375675209451785,0.34821385678660144,1.074033708647735,1.0218539333288168,-0.7754831145122593
2483,Brad's clothes,xor,21,-0.3022817708791715,-0.13625759613388752,0.9696741580098984,0.9696741580098984,-0.7754831145122593
2483,Brad Pitt,xor,4,-0.8342976876265135,-1.2868772968200488,-1.0131573041089967,-0.9087977534711602,0.7080498002068455
2482,Mrs. Gibbs' worry,xor,29,0.7276454172541726,1.5441891667757257,0.6801858894683067,0.6801858894683067,-1.8218155064314225
2482,Unexpected guest,xor,11,1.1381120628847314,0.42114250002974335,0.35738580633080524,0.2651572111486619,0.8526847834225421
2482,Chloe's holiday,xor,14,-0.9515363148708411,0.14038083334324777,1.04910027019688,1.0952145677879515,-0.800096294577099
2482,Eyewitness,xor,19,1.1007969132819535,-1.325818981575118,-1.533300394903132,-1.533300394903132,0.91278591353162
2480,Gerald's graduation,xor,6,-1.2036241437256938,-0.9076777953060718,0.9762528021765159,0.9463675123139694,0.37000643495047747
2480,Presents,xor,31,-0.7064750408824724,0.6439081795761022,0.9463675123139694,0.9463675123139694,0.37000643495047747
2480,Carl's party,xor,17,-1.2036241437256938,-2.1799782947094544,0.1394646860252165,0.1394646860252165,0.37000643495047747
2480,Pete's accident,xor,26,1.4129500817649447,0.6439081795761022,-0.6973234301260829,-0.6076675605384436,0.37000643495047747
2479,Brad Pitt,xor,4,-1.5099859978229917,0.5992101942446769,-1.3933540643276587,-1.4725969495026916,-1.510396637665814
2479,Semester abroad,xor,32,0.5085853621910338,0.6275751738538924,0.7858252779857413,1.2612825890359378,1.039263741513175
2479,Gigi's exams,xor,22,0.6662862496921295,-0.8474037658253123,0.1518821965854795,0.31036796693554497,0.15242534875526564
2479,Joshua's delay,xor,5,-0.8791824478186088,-1.5281632764464836,1.063175376098356,-0.6009252125773314,-1.3995418385710754
2477,Gigi's exams,xor,22,0.5502168944123705,-1.3937211338203468,-1.2435454268976949,-0.95657340530591906,-0.18472632586860466
2477,Carl's party,xor,17,0.2615785235730942,-0.06930105085294543,0.7174300539794393,-1.100059416101807,-0.18472632586860466
2477,Mrs. Gibbs' worry,xor,29,1.0553340433811043,1.2551190321144559,0.8609160647753271,1.1957167566323987,0.693971872857731
2477,Tony's clubbing,xor,9,-1.9032092577214785,0.2695040866503433,0.7174300539794393,0.7174300539794393,0.693971872857731
2476,Lily's husband,xor,10,-1.7167888109104743,1.1698441159336916,0.7559771603850577,0.8032257329091237,-0.19193579585896145
2476,Semester abroad,xor,32,0.08561414017663782,0.6516069831422191,0.8504743054331898,0.8032257329091237,-1.9698673785524992
2476,Dave's kids,xor,3,-0.9958276304756294,-0.8421353407861428,-0.7087285878609916,-1.5592028932941815,0.5353998516065767
2476,Carl's party,xor,17,0.08561414017663782,-0.3543827452176981,0.8504743054331898,0.8032257329091237,0.6162149235471921
2475,Jimmy's trip,xor,1,-1.4694541273747534,-0.4770415393032781,-1.5139055419271554,-1.0440727875359692,0.6579724136504238
2475,Leo's prize,xor,18,1.039541888670389,-0.4305009013224705,0.9918691481591709,0.7569527709635778,0.6579724136504238
2475,School,xor,15,-0.6801070661470681,0.2676086683896438,0.7569527709635778,0.9135636890939732,0.6579724136504238
2475,Crush,xor,28,1.0113509221979717,0.5468524962744895,-0.4176291150143876,-0.574240033144783,0.6579724136504238
2474,Eyewitness,xor,19,-0.8751107252964676,-1.6113592306907285,-1.3951793349609563,-1.3951793349609563,0.37000643495047747
2474,School,xor,15,-0.8216688489424848,0.3619952148470225,0.09495985002352063,1.2783056733935463,0.37000643495047747
2474,Joshua's delay,xor,5,-0.7949479107654934,-0.15056438139654918,-0.03652301923981555,2.023375265885785,0.37000643495047747
2474,Jimmy's trip,xor,1,-1.035436354358416,0.028831477288700908,-0.16800588850315173,-0.08035064232759428,0.37000643495047747
2473,Carl's party,xor,17,0.951630488525546,-1.0730138627117478,0.4909466757221013,0.7547389193936782,-1.0738404683165073
2473,Crime,xor,24,0.5747471267332506,-0.2664531068478837,0.798704293338941,0.05129293626947318,-0.5497379585811297
2473,Gerald's graduation,xor,6,-0.2543962692097994,-1.0730138627117478,0.9306004151747295,0.9306004151747295,-1.1194145995978444
2473,Mrs. Sanders' son,xor,25,0.6501237990917097,1.087416733352174,-1.2237029081431485,-0.8280145426357831,0.6124023890929683
2472,Jimmy's trip,xor,1,-0.7652385826999863,-0.3784134015544579,-1.227405094456182,-1.227405094456182,0.7848730094898417
2472,Eyewitness,xor,19,0.839896005402424,-2.1591823500460245,0.4513683250580799,0.4513683250580799,-0.12659242088545833
2472,Brad's clothes,xor,21,-1.0265395621585183,-0.3784134015544579,0.8631429373917667,0.546393235596623,-0.7342360411356583
2472,Hippies,xor,12,-0.9145534281048617,0.8087658974399199,0.4513683250580799,0.4196933548785655,-2.152071155052792
2470,Leo's prize,xor,18,0.3758515398192126,-0.41729348000494343,-0.5066791059254546,-0.8866884353695456,0.36630396346855043
2470,Jimmy's trip,xor,1,-1.4588136037050794,0.6027572488960293,-1.1400279883322728,-1.0555814706780304,0.9523903050182311
2470,Pete's accident,xor,26,1.1912582702744534,-0.07727657037128582,0.12666977648136366,0.08444651765424244,0.8547092480932843
2470,Joshua's delay,xor,5,-1.3059248417447218,-0.66457850519305806,0.5489023647525758,0.591125623579697,-1.196592947330598
2469,Brad's clothes,xor,21,-0.36698110001020606,-1.1238051700849656,-1.231915247146394,-1.693883464826292,-1.7630119246819844
2469,Leo's prize,xor,18,-1.1165595170523293,0.5108205318568025,0.6929523265198467,0.6929523265198467,0.5648484807233543
2469,Pete's accident,xor,26,1.569429810681945,-0.014594872338765788,0.6929523265198467,0.6929523265198467,0.5648484807233543
2469,Mrs. Gibbs' worry,xor,29,0.5075270532056042,1.094615425407434,0.6929523265198467,0.6929523265198467,0.5648484807233543
2467,Gigi's exams,xor,22,-0.23373452671486586,0.34254232496562753,0.7499322249314672,0.6642256849392995,-1.2025028944401819
2467,Tony's clubbing,xor,9,0.545380562334687,0.11031024024316818,-1.1356116548962216,-1.1356116548962216,1.3253864019012225
2467,Grandma,xor,16,-1.2855398969317622,0.528327992743595,0.8356387649236349,1.0070518449079702,0.7636332249364659
2467,Eyewitness,xor,19,-0.5064248078822093,-0.07547542753479929,-1.1356116548962216,-1.1356116548962216,0.5529757835746821
2466,Danny's racket,xor,30,-0.7299303905853803,1.0401714059802407,1.036953094456732,-1.2895818936728198,0.1285821544183557
2466,Tony's clubbing,xor,9,-0.6694180265990276,1.012708134535218,1.7067131667970574,1.7067131667970574,1.1240568983023997
2466,Chloe's holiday,xor,14,0.389548343162146,0.9028550487551265,-0.6198218213324943,-1.1485797731801197,-2.0946447735893425
2466,Carl's party,xor,17,0.3592921611689696,-1.0470372238414964,-0.267316520100744,0.049938251007831204,-0.8668925894656884
2461,Leo's prize,xor,18,-0.6778529776631612,-0.06105902176530691,-0.3545713586880866,-0.6922583669624548,0.4881258962329208
2461,Chloe's holiday,xor,14,-2.040967162253562,-2.236980524674426,0.15195915372346566,0.15195915372346566,-1.8155473982188493
2461,Mrs. Sanders' son,xor,25,0.8037928751524918,0.9602918877634632,-0.7935644694447652,-0.7260270677898916,0.4319387427097069
2461,Crime,xor,24,0.8037928751524918,0.3830065910732888,1.7390880926129961,1.1650201785465701,-0.12993279252243214
2460,Leo's prize,xor,18,0.11733905896705252,0.13022892605597236,0.701781805944306,-0.5214356435228644,-1.3570885907396828
2460,Jimmy's trip,xor,1,-1.0379993677854646,-0.1987704660854315,0.8429222808828256,0.8899691058623321,-0.05428354362958731
2460,Crush,xor,28,0.8755299015233918,1.0623938704566165,-1.3212316681744758,-1.7916999179695412,0.9590092707893758
2460,Rabbits,xor,23,0.8394255756873757,0.02056246200883774,-0.6155292934818775,1.1722500557393714,1.103765387134942
2459,Presents,xor,31,0.23899454395057523,0.8692458466489383,1.120328406522137,1.120328406522137,0
2459,Brad's clothes,xor,21,-1.1714650596921639,-1.3453932530935797,-0.22675985783313787,-0.22675985783313787,0
2459,Crush,xor,28,1.2419880398743008,0.8692458466489383,-1.5738481221884129,-1.5738481221884129,0
2459,Grandma,xor,16,-1.108777966196931,0.8692458466489383,0.3929007437702886,1.120328406522137,0
2458,Brad's clothes,xor,21,-0.6229055389748799,-0.5797766834286595,0.2789816192502163,0.2789816192502163,-0.48065245834624176
2458,Alissa's paint,xor,8,-0.4303163868280571,0.297723161760663,0.9703708495659699,0.8612041289897983,-1.655580689859277
2458,Presents,xor,31,-0.5747582509381741,0.015669640092666474,1.3342599181532087,1.4434266387293804,-1.4419573750387253
2458,Tony's clubbing,xor,9,0.9900286102547607,1.4259372484326491,-1.1037968413812909,-1.3221302825336343,0.5874641157565177
2457,Presents,xor,31,-0.39407973076996006,0.6759601518347973,1.2190681594429942,1.2190681594429942,0.3206437926975862
2457,Leo's prize,xor,18,0.9359393605786551,0.3337018471083177,-0.7268622359120199,-0.7497555346809025,0.5611266372207758
2457,Mrs. Sanders' son,xor,25,0.6157495793280625,0.9041323549857838,-0.864222028525315,-0.864222028525315,0.5076860051045115
2457,Joshua's delay,xor,5,0.12314991586561251,-1.1722346936881929,1.2419614582118765,1.264854756980759,-1.603218963487931
2456,Eyewitness,xor,19,0.19470246071604017,-1.6948203933794137,-0.6212017520964082,-0.5841150803294585,-2.5150785548613563
2456,Lily's husband,xor,10,-0.2013025441301432,-0.37418112581103935,0.639745087979883,0.5655717444459836,-0.25299606764877547
2456,Jimmy's trip,xor,1,-1.336516891355869,0.9464581417573349,-1.1775018286006542,-1.1775018286006542,0.4613457704183553
2456,Bill's order,xor,13,-1.336516891355869,0.9464581417573349,0.8622651185815815,0.8622651185815815,0.4613457704183553
2455,Mrs. Sanders' son,xor,25,1.2838262922488128,-1.0857505716756914,0.3533168736369828,0.3533168736369828,0
2455,Greg's movie,xor,7,-1.31632822369815,-0.061128048271285575,1.6782551497756681,1.0599506209109484,-1.0290441487306716
2455,Hippies,xor,12,-1.030311226943984,0.8936338485373654,-0.853849111289375,-0.9127352568955388,0.9261397338576044
2455,Crime,xor,24,-0.016250965724668515,0.497756964494754,1.1188367665171122,0.9716214025017026,-0.5145220743653358
2454,Lily's husband,xor,10,-0.5357190392317303,-0.41760586443796566,-0.1788476443465725,-0.28439707379700874,0
2454,Alissa's paint,xor,8,-0.5357190392317303,-0.41760586443796566,0.7359140775572084,0.7359140775572084,0
2454,Jimmy's trip,xor,1,-0.5357190392317303,-0.41760586443796566,-0.8825105073494808,-0.8473273641993354,0
2454,Crime,xor,24,-0.5357190392317303,0.8506786127440041,-0.28439707379700874,-0.1788476443465725,0
2452,Brad Pitt,xor,4,0.30865293104933184,-0.5471946825613777,-0.31449255560004247,-0.26349376280003556,0.9661477932705526
2452,College,xor,20,-0.5707965163241068,-0.5471946825613777,-0.31449255560004247,-0.31449255560004247,-1.0949674990399596
2452,Danny's racket,xor,30,-0.7399214100497681,0.9014933978888884,-0.31449255560004247,-0.31449255560004247,-0.5796886759623315
2452,Gigi's exams,xor,22,1.9999018683059446,0.3976018916453176,1.8784555348002545,1.9294543276002616,-1.0949674990399596
2451,Chloe's holiday,xor,14,-0.26028193618341505,0.45779704456606046,-0.40168203126352725,-0.3257736159066402,-2.2432291679886553
2451,Gerald's graduation,xor,6,-2.169016134861792,-0.8875656986484847,1.0026236528388828,1.0026236528388828,-0.862780449226406
2451,Rabbits,xor,23,-0.47718354966959425,-0.2522555143527272,0.1296768762346819,0.1296768762346819,0.6710514605094268
2451,Tony's clubbing,xor,9,-0.2169016134861792,0.49516823187757564,0.1296768762346819,0.1296768762346819,0.210901887588677
2450,Grandma,xor,16,-1.3954892236929022,-0.09106246652182567,-0.345880874632722,0.9684664489716216,0.7934026991497347
2450,Mrs. Gibbs' worry,xor,29,0.4499740762111807,1.393956218295639,-0.4150570495592664,0.2767046997061776,0.7934026991497347
2450,Greg's movie,xor,7,-1.463839716281942,-0.6234276554186527,0.691761749265444,2.559518472282143,0.5520634750737697
2450,Lily's husband,xor,10,0.8145100366860613,1.393956218295639,-0.4150570495592664,0.2075285247796332,0.7934026991497347
2449,Greg's movie,xor,7,-2.133471855459685,-1.3739196071272275,1.9219594444268302,1.4496690690045375,-1.263606308821832
2449,Unexpected guest,xor,11,1.0288316054247213,-1.6065409162704618,-0.9511403393921172,-0.8724252768217351,0.717319945007949
2449,Chloe's holiday,xor,14,0.20576632108494425,0.8650604933764026,-0.6756376203957798,-0.5575650265402066,-1.263606308821832
2449,College,xor,20,0.03248941911867541,0.5161285296615511,0.5444458494451431,0.7412335058710984,-1.263606308821832
2448,Pete's accident,xor,26,1.4625943820838254,0.31842576881923274,-0.271933079356915,-0.41381120771704455,0.7508277228532745
2448,Rabbits,xor,23,1.0187726385549405,-0.8204146278989644,0.10640859627009717,0.10640859627009717,-0.9653499293827815
2448,Presents,xor,31,0.6556457574858529,1.0976323560474728,0.9576773664308745,1.1468482042443806,0.7508277228532745
2448,Joshua's delay,xor,5,-0.5547771794111063,-0.19105546129153964,1.1468482042443806,1.3360190420578868,-1.5114064550942539
2447,Gerald's graduation,xor,6,-1.0975401497167196,0.9765313956594504,0.5632054304936561,0.6671818176617158,0.34877399422556843
2447,Presents,xor,31,-1.4242497756789059,0.48208511937618437,1.1524049577793272,1.1524049577793272,0.3784568873511487
2447,Pete's accident,xor,26,0.5768466833394852,0.11949118343512262,-0.09531168823738796,-2.0362042487078336,0.3784568873511487
2447,Crime,xor,24,0.9443950125469448,-0.6056966884470009,-0.3725820540188802,-0.5805348283549994,-2.5898324252068803
2446,Grandma,xor,16,-1.0216371264375863,0.18564569993921062,-1.1751216690397241,-1.123278065993854,-0.030849175546681366
2446,Mrs. Sanders' son,xor,25,1.1334581054506556,1.1191783624906697,-1.0195908599021135,-1.0714344629479837,1.2031178463205732
2446,Brad's clothes,xor,21,0.2388902733461023,0.22807900278245877,0.8986224527950835,1.1578404680244343,0.8329277397603968
2446,Lily's husband,xor,10,0.07624157659981988,1.1191783624906697,0.6394044375657325,0.4320300253822517,-0.1542458777334068
2444,Bill's order,xor,13,-1.3554263131389712,1.0976642731602146,0.47012962822469545,0.34191245689068767,0.9565617556173207
2444,Rabbits,xor,23,0.4414817134224078,-0.12096708316459508,0.7265639708927111,0.790672556559715,-0.6832583968695148
2444,Tony's clubbing,xor,9,0.9681616522421223,0.34498020013606745,0.2778038712236838,0.2778038712236838,0.9565617556173207
2444,Pete's accident,xor,26,1.1540486894726099,1.0976642731602146,0.2778038712236838,0.2778038712236838,0.9565617556173207
2441,Rabbits,xor,23,0.8994126055990169,-0.36891011717790145,0.5687371269931769,0.6667014168101835,-0.03896130752861986
2441,Lily's husband,xor,10,0.8994126055990169,0.36891011717790145,-1.0313462733512633,-1.0313462733512633,0.7402648430437773
2441,Greg's movie,xor,7,-1.6611926772451593,1.0452453320040542,1.6789990782525845,1.3851062088015649,-2.3766397592458115
2441,Chloe's holiday,xor,14,-0.3552839829946295,1.0452453320040542,0.6013918902655124,0.6013918902655124,0.3974053367919226
2440,Gigi's exams,xor,22,0.7240178012296515,-0.37747084540664105,1.3630156916081082,1.0795462236826783,-0.914532034347455
2440,Tony's clubbing,xor,9,-0.8508043286339224,0.4984920324835794,-0.3094541691519276,-0.3661480627370135,-0.24941782754930591
2440,Semester abroad,xor,32,0.964244905785112,1.0747833995166192,1.533097372363366,1.47640347877828,-0.7098815091787938
2440,Frank's laptop,xor,27,1.8183857219823047,1.0747833995166192,-0.8480461582102442,-0.8480461582102442,0.1087205914958513
2439,Tony's clubbing,xor,9,0.7539687253053697,-0.6544679526476468,-1.153294687252218,-1.4357342024976592,0.5713211103056105
2439,Alissa's paint,xor,8,-1.3523566025318539,-0.8696354987235854,1.106221434711311,1.2474411923340316,0.5713211103056105
2439,Dave's kids,xor,3,-1.4002276327099725,-0.5827454372890005,-0.21182963643408087,-0.164756383893174,0.5713211103056105
2439,Chloe's holiday,xor,14,-1.0172593912850227,-0.8696354987235854,1.2003679397931248,0.9179284245476838,0.5713211103056105
2438,Gerald's graduation,xor,6,-1.4554478070774004,-0.9018122400555987,1.1104032862299325,1.2682805307176006,-1.281776177760932
2438,Chloe's holiday,xor,14,-1.354199263976364,-0.99275128947297,-0.878849994314686,-0.6893973009294843,-1.3701745348478929
2438,Pete's accident,xor,26,1.0757657704485133,0.7957166824019988,-0.9420008921097534,-0.9104254432122197,0.33886036883334986
2438,Crime,xor,24,-0.13921674676392526,-0.8714992235831416,1.1104032862299325,1.4261577752052688,-0.8987166303841018
2436,Brad Pitt,xor,4,-0.39765638197586,0.25690107851662,-0.5812403148676737,-0.9855814034712728,-1.6955824957813168
2436,Frank's laptop,xor,27,1.2254308913949972,0.7783719244608037,-0.2274418623395245,-0.17689922626407462,0.565194165260439
2436,Gigi's exams,xor,22,0.4463490001769857,-1.9516813278352172,0.07581395411317483,0.12635659018862472,0.565194165260439
2436,Presents,xor,31,0.34896376377473426,1.1157942365423343,1.8953488528293707,2.0975193971311703,0.565194165260439
2434,Chloe's holiday,xor,14,-0.1403899571461014,0.9885246545691861,-0.29729419500528154,-0.29729419500528154,0.7976851008820296
2434,College,xor,20,-0.1403899571461014,-1.2204689869262018,-0.29729419500528154,-0.29729419500528154,-1.2305374812056116
2434,Hippies,xor,12,-0.1403899571461014,0.458366180610293,-0.29729419500528154,-0.29729419500528154,0.649278570485373
2434,Crush,xor,28,-0.1403899571461014,0.9885246545691861,-0.29729419500528154,-0.29729419500528154,0.5998097270198207
2433,Gigi's exams,xor,22,0.6700365280706335,-0.48448085268190105,0.07236238189472895,0.07236238189472895,-0.6696378252122246
2433,Carl's party,xor,17,1.0823666991910235,-0.5410625581046048,0.07236238189472895,0.07236238189472895,-2.0852452484587927
2433,Hippies,xor,12,-1.4946968703114134,0.8734800774629895,0.07236238189472895,0.07236238189472895,0.6904555814364388
2433,Dave's kids,xor,3,-1.4946968703114134,-1.9556051936721992,0.07236238189472895,0.07236238189472895,-0.6973948335111769
2432,College,xor,20,-0.11444144767894796,-0.6955133842597699,-1.1325389684698288,-1.0823896414527148,-1.3360630800941289
2432,Danny's racket,xor,30,-0.16530431331403592,0.9979105078509743,1.3247780553687665,1.1743300743174239,-0.40662789394169135
2432,Frank's laptop,xor,27,1.7166217151842191,1.239828206723938,-0.9319416604013722,-0.8316430063671437,-0.174269097403582
2432,School,xor,15,-0.11444144767894796,1.179348782005697,1.0740314202831955,1.0740314202831955,-0.7551660887488554
2431,Rabbits,xor,23,0.8800318286490677,-0.005050202615997728,0.7072974531008089,0.7072974531008089,0.5803990278104234
2431,Unexpected guest,xor,11,-0.5140779989138119,0.27776114387987505,0.2268689943908255,-0.520464163602482,0.4582097587977027
2431,Semester abroad,xor,32,1.3331175226070036,1.2878016670794206,0.5471546335308144,1.1877259118107923,-0.5193043933040631
2431,Mrs. Sanders' son,xor,25,0.9497373200272117,0.6009741113037296,0.5471546335308144,0.5471546335308144,-1.7411970834312704
2430,Eyewitness,xor,19,-0.3171446743560928,-1.6991236996849246,-1.5407160510640026,-1.5407160510640026,-2.4595496116894693
2430,Joshua's delay,xor,5,-2.143897998647187,-1.0891818587723876,-0.022769202725083783,0.2504612299759216,0.5536811530143216
2430,Presents,xor,31,0.3425162483045802,-0.2468812213217412,1.161229338979273,1.0701525280789377,0.5536811530143216
2430,Lily's husband,xor,10,1.2051497625531526,0.7406436639652236,-0.022769202725083783,-0.022769202725083783,0.5536811530143216
2428,Lily's husband,xor,10,-1.732193374086877,1.0740661104445002,-1.0522038889844687,-1.0522038889844687,0.3126006099222976
2428,Mrs. Gibbs' worry,xor,29,-1.6247705291822645,1.2836399856531833,-0.5976518089431782,-0.7491691689569416,-1.0036124844873766
2428,Carl's party,xor,17,0.5773977913622923,-1.189331741809276,-0.2946170889156512,-0.4461344489294147,-0.6087485561644743
2428,Alissa's paint,xor,8,0.4699749464576798,-0.8120987664336465,1.1195449378794748,1.1195449378794748,-0.6087485561644743
2427,Greg's movie,xor,7,-1.3527513392718584,0.20710716011484848,1.6927653651364283,1.2835253867517973,-1.7189964439290621
2427,Hippies,xor,12,-0.25530799924285774,0.3727928882067273,-0.7998781395699606,-0.7626745051713577,-1.4595252825812792
2427,School,xor,15,-0.31627707368891333,0.3727928882067273,0.46504542998253523,0.6510636019755494,0.7027343953169122
2427,Frank's laptop,xor,27,0.5068054313328371,0.5937071923292323,-0.16741635479371267,-0.09300908599650705,-0.33515025007421967
2426,Joshua's delay,xor,5,-0.2766216523107825,-0.7836327451374714,1.1338486589836636,0.9733037161187201,-2.315488390488384
2426,Gigi's exams,xor,22,0.47061605782743515,-0.7836327451374714,0.5318051232401254,0.49166888752388954,-0.033557802760701215
2426,Mrs. Sanders' son,xor,25,1.5627327111063687,1.1049549586248029,0.21071523751023838,0.13044276607776661,0.5033670414105182
2426,School,xor,15,-1.110079098234179,1.131185343399279,0.8528950089700125,0.7726225375375407,0.771829463496128
2425,Crime,xor,24,1.4001890005721433,-0.228685056360997,0.30983700019684524,0.30983700019684524,-1.0505411883919145
2425,Dave's kids,xor,3,-1.0187421632069746,-0.8026397076199699,-0.08153605268338018,0.06522884214670435,-0.8308201555256317
2425,Eyewitness,xor,19,0.7303311398333105,-1.0178727018420848,-1.3045768429340847,-1.2067335797140284,-1.2153319630416266
2425,Hippies,xor,12,-1.390885419172993,0.38114176060166166,0.4076802634169016,0.7012100530770707,-0.7758898973090611
2423,Mrs. Gibbs' worry,xor,29,0.5630714848021379,1.590563770643896,-0.5512470382925656,-0.26363988787905307,0.6604933027049326
2423,Rabbits,xor,23,0.5630714848021379,-0.6655550529644672,0.4553779881547282,0.16777083774121568,-1.7528476110246287
2423,Eyewitness,xor,19,0.5630714848021379,-0.981411688269638,0.6710833509648626,0.5991815633614844,0.4826681827459123
2423,Frank's laptop,xor,27,0.5630714848021379,-0.6655550529644672,-0.9107559763094563,-0.9107559763094563,0.45726459418033794
2421,Bill's order,xor,13,-0.9230213241240917,1.0253588892601802,0.23082735160112222,-0.10834753238420003,0.5576579058489621
2421,Jimmy's trip,xor,1,-0.6793193243553546,-0.44381205654545114,0.23082735160112222,0.061239909608461096,0.5576579058489621
2421,Pete's accident,xor,26,0.9778542740720575,0.9763865243999925,-0.6736390056930704,-0.5605807110312964,0.5576579058489621
2421,Gerald's graduation,xor,6,-1.312944523754071,-1.2028837118783606,1.9267017715277335,1.7005851822041853,-1.3543120570617653
2420,Semester abroad,xor,32,-0.10829620638858668,-1.3486665021659525,1.3554236383194709,1.3554236383194709,-2.5150785548613563
2420,Joshua's delay,xor,5,-0.9237029368438275,-0.5103975985640572,1.3216084955755338,1.3892387810634077,-0.25299606764877547
2420,Unexpected guest,xor,11,1.1912582702744534,0.598280628780385,-0.9440060682682386,-0.9440060682682386,0.4613457704183553
2420,Pete's accident,xor,26,1.1912582702744534,1.0850174115169693,-0.26770321338950054,-0.3015183561334374,0.4613457704183553
2419,Presents,xor,31,0.1531435971110147,1.4256561725478007,1.1335316360965086,1.4002449622368636,0.7291580966137808
2419,Tony's clubbing,xor,9,1.2212220179878353,0.8900505386624391,-1.1525825879636769,-1.1144806842293404,-1.5355211681631384
2419,School,xor,15,-0.003926758900282428,0.7640256836305893,-0.23813689833960267,-0.20003499460526622,0.14583161932275615
2419,Alissa's paint,xor,8,-1.1662473933838813,-0.21266694286624652,0.7525125987531444,0.48579927261278943,0.38602487467788393
2418,Brad's clothes,xor,21,-0.6492505871889007,-0.31370280292980285,0.32047918966339495,-0.09156548276096999,-0.2723874782529698
2418,Bill's order,xor,13,-1.1417855154011702,1.645865390713897,2.0144406207413397,0.5951756379463049,-1.0803683126213295
2418,Unexpected guest,xor,11,1.0970096128364186,0.09883786941623925,0.5951756379463049,0.5951756379463049,-1.0803683126213295
2418,Crush,xor,28,0.9179060025774114,1.4052166651787057,-1.2361340172730948,-1.5566132069364897,1.0987315134024285
2417,Rabbits,xor,23,0.18783101676507866,-0.028564163839850668,-1.4419889457603596,-1.3768143041440721,0.5011500664424091
2417,Tony's clubbing,xor,9,1.1538191029854832,-0.3713341299180587,0.1873770946468264,0.02444049060610779,-1.694364510352907
2417,Mrs. Sanders' son,xor,25,-0.20571968502841947,1.2663445969000462,-0.9531791336382038,-0.6924805671730541,0.572742933077039
2417,Greg's movie,xor,7,-0.6350477233485993,-0.6379329924233316,1.653806531013294,1.6212192102051501,-1.694364510352907
2416,Rabbits,xor,23,0.2779808042104663,-0.9530195303976704,0.21295799507264374,-0.19054136401236546,1.1293411896471963
2416,Presents,xor,31,-0.5338996398328003,1.1211994475266711,2.0511217420154635,1.6027891208098977,-0.16133445566388518
2416,Carl's party,xor,17,1.0898612482537329,-1.3454393370320052,0.39229104355487004,0.5267908299165398,-1.6280113253355688
2416,Hippies,xor,12,-1.41637838335809,-0.30832984806983454,-0.3250411503740352,-0.2802078882534786,-1.3933430261880995
2415,Carl's party,xor,17,0.9284141650970551,-1.445321860838844,-1.1260768740367542,-1.214977679881761,-0.4293219005541343
2415,Chloe's holiday,xor,14,0.37716825457067865,-1.2639481371257342,0.07408400487083898,0.07408400487083898,0.5767657855929279
2415,Gerald's graduation,xor,6,-0.08703882797784893,0.2777285144356994,1.274244883778432,1.5409473013134527,-2.163955842187
2415,Danny's racket,xor,30,-0.29012942659282975,1.1845971330012486,0.07408400487083898,0.07408400487083898,-0.013009754562246494
2414,Leo's prize,xor,18,0.4591492144336854,-1.0913194818794962,-0.1551521916424149,-0.3679323401805838,0.5465979152708063
2414,Unexpected guest,xor,11,-1.1770916224572663,-0.3824281945047807,-1.2722479714678017,-1.4318330828714283,-0.407463900474601
2414,Mrs. Sanders' son,xor,25,-0.10852617795705291,0.7741839059487025,0.11082299403029623,-0.2615422659114993,0.7851133692071581
2414,Greg's movie,xor,7,-1.0101282717541078,0.3637731606264987,2.504599665084696,0.5363832911066341,-1.4410308675321257
2412,Crime,xor,24,-0.62140694766624,-0.7993193995541595,0.42394380088963335,0.8718844206975478,-1.1880082644340637
2412,Tony's clubbing,xor,9,0.8515576690241068,0.8803563893707103,0.39194804233192515,0.39194804233192515,-1.1880082644340637
2412,Greg's movie,xor,7,-1.4806363074022757,0.0257844967598116,1.5117995918517113,1.3838165576208785,-1.1880082644340637
2412,Crush,xor,28,1.5880399773692802,0.8803563893707103,-1.2078398855534835,-1.2078398855534835,0.9240064278931607
2410,Joshua's delay,xor,5,-1.6165928004665016,-1.3137452182279494,0.22963713658274076,0.15201331576603963,-1.747855239181484
2410,Eyewitness,xor,19,0.7066543379284708,-0.6678816472555497,-1.5557107422013854,-1.4780869213846841,-0.025830372992829816
2410,Harold's pet,xor,2,-0.18392373178960197,-0.4330221669019498,-0.2749176987258166,-0.3525415195425177,-1.4723312605912995
2410,Gigi's exams,xor,22,-0.7647355163883451,-1.2550303481395493,1.0446872551581026,1.0834991655664532,0.18081261094980872
2409,Carl's party,xor,17,-0.5820896829429837,-1.5681238125134807,-0.03140106040479935,-0.12560424161919773,-2.201293487887982
2409,Hippies,xor,12,0.541000999441126,0.12714517398757952,0.7222243893103877,0.7222243893103877,0.9266546298924543
2409,Rabbits,xor,23,1.0614576571313232,-0.06659985304111309,0.7222243893103877,0.7222243893103877,-0.32452461721972026
2409,Crush,xor,28,1.910623782836382,0.5630714848021379,0.7222243893103877,0.7222243893103877,0.5513008557588019
2407,Crime,xor,24,0.029185971746431328,-0.9723527130921773,-0.29303271039191264,0.09157272199747253,-0.4784677640082797
2407,Greg's movie,xor,7,-1.271674483237365,-1.2369384853621577,1.629994451555013,0.9157272199747264,-1.17442087529305
2407,Dave's kids,xor,3,-1.0381867092659145,-0.7606840952761932,-0.07325817759797826,-0.23808907719342903,-0.5480630751367567
2407,Lily's husband,xor,10,0.19596295315461035,0.2447418393497317,-0.4578636099873634,-0.3479763435903962,-0.4088724528798026
2406,Hippies,xor,12,-0.4523616241689331,0.6162402947671807,0,0,-0.45184805705753195
2406,Dave's kids,xor,3,-1.8026948306433603,-1.482637540875494,0,0,0.3227486121839514
2406,Danny's racket,xor,30,-0.4523616241689331,0.9579180819648253,0,0,-0.19364916731037085
2406,Leo's prize,xor,18,1.2220515518593567,-0.2623597294553343,0,0,-2.065591117977289
2405,Greg's movie,xor,7,-1.2179600092186673,0.2745259744087924,1.7682484156347855,1.7682484156347855,-1.2549559735527311
2405,Chloe's holiday,xor,14,-0.5624219002814029,0.021117382646830187,0.817165805679754,0.9811455660168285,-1.563341059203914
2405,Frank's laptop,xor,27,1.3148008662207633,-1.9639165861552073,-0.560264181151671,-0.6586520373539155,0.5268245213207711
2405,Harold's pet,xor,2,-0.5922190870512786,0.3167607397024528,-0.5274682290842561,-0.4618763249494263,-0.8780408688679519
2404,Hippies,xor,12,-0.3561255186657072,0.8505076638481522,-0.24951369378266802,0.037597953857662195,0.9170423104689791
2404,Pete's accident,xor,26,0.40120469824364485,0.9720087586836026,-0.33154559310847664,-0.04443394546814644,0.26971832660852324
2404,Leo's prize,xor,18,0.6536481038800955,-0.6885062040675518,0.8579169471157485,0.8169009974528442,0.19779343951291706
2404,Jimmy's trip,xor,1,-2.2314193891079124,-0.08100072989030022,-1.3569443346810846,-1.3569443346810846,0.9170423104689791
2402,Lily's husband,xor,10,0.6476367815906107,0.653885731275159,-0.6953117068846998,-0.6296129629270903,-1.1195444215666754
2402,Alissa's paint,xor,8,-0.5628992587656709,-0.49942453491094824,1.8012405635044588,0.42156694039466064,-1.1671846097184488
2402,Danny's racket,xor,30,-0.5628992587656709,0.8598339930941068,0.15877196456422288,0.29016945247944176,0.8337032926560348
2402,Bill's order,xor,13,-0.5628992587656709,1.1481615596406336,0.8814581480979267,1.538445587674021,0.5955023518971677
2401,Crush,xor,28,0.9779219274657592,0.7718597634004892,-0.44748044547098204,-0.7067104966403785,0.9448938190562484
2401,Unexpected guest,xor,11,-0.9701913193435002,-1.1653568976830915,-0.33638185211266924,-0.8178090899986914,0.9448938190562484
2401,Grandma,xor,16,-0.8774240218763927,1.0947292069144192,-0.5956119032820658,1.774491421695274,0.5960099474047105
2401,Eyewitness,xor,19,0.6996200350644364,-1.0442808563653676,-0.7067104966403785,-0.6326447677348367,0.9448938190562484
2400,Rabbits,xor,23,0.30407240579379424,-0.06683711488721612,-0.3653186792976686,0.35334101768135123,-0.04106549964412417
2400,Carl's party,xor,17,-0.7006885872639605,-2.1233637268015584,-0.3653186792976686,-0.3653186792976686,-0.7638182933807095
2400,Jimmy's trip,xor,1,-0.7006885872639605,-0.4370119050317977,-1.0839783762766884,-0.8683804671829825,1.2730304889678492
2400,Lily's husband,xor,10,-0.7006885872639605,0.2622071430190786,-0.3653186792976686,-0.3653186792976686,-0.10677029907472284
2399,Rabbits,xor,23,1.3775827647518064,-0.9633341071425543,0.9701743056895498,0.8909764031842804,0.44082184227119064
2399,Semester abroad,xor,32,0.4619194433737511,0.6119292127131949,0.8381778015141008,1.4189624198860762,-2.5478008171945086
2399,Bill's order,xor,13,-0.8134687542599688,1.1450952594336024,-0.9569746552720049,-0.9569746552720049,0.44082184227119064
2399,Lily's husband,xor,10,-1.1731936305156334,0.684633673629614,-0.9569746552720049,-0.9569746552720049,0.44082184227119064
2398,Eyewitness,xor,19,-1.015732234748939,-1.1790924932223958,-0.8097859082866605,-0.8097859082866605,0
2398,Crush,xor,28,-0.5835057518770501,0.17215400038784293,-0.8097859082866605,-0.8097859082866605,0
2398,School,xor,15,-1.015732234748939,-1.1790924932223958,-0.22085070225999834,0.826145219565179,0
2398,Hippies,xor,12,-1.015732234748939,0.12018298140283375,0.826145219565179,0.826145219565179,0
2397,Gerald's graduation,xor,6,-0.13443072196918965,-0.5908323838430195,1.7548814599702984,1.7548814599702984,0.11204724518183581
2397,Harold's pet,xor,2,-0.5016561088118541,-0.5908323838430195,-0.25069735142432836,-0.27855261269369813,0.4108398990000646
2397,Leo's prize,xor,18,1.177088516754612,-1.1234136875888399,-0.6963815317342454,-0.6963815317342454,0.4108398990000646
2397,Frank's laptop,xor,27,1.177088516754612,1.0401978588785554,-0.752092054272985,-0.752092054272985,0.4108398990000646
2396,Mrs. Gibbs' worry,xor,29,-0.49100289118109236,0.8491970379679288,0.6043148024374806,0.6043148024374806,0.5314377435493429
2396,Greg's movie,xor,7,-0.49100289118109236,-0.6276673758893386,1.9022983469724584,-0.6372346749438024,-1.4906180611749864
2396,Tony's clubbing,xor,9,-2.030787957924998,0.8491970379679288,-0.8065368764048865,-0.8065368764048865,-1.8794749466988958
2396,Rabbits,xor,23,1.1116305456339932,-0.24368262828644913,-0.8065368764048865,1.5072598768965955,0.45366636644456104
2395,Bill's order,xor,13,-1.467267886154858,0.2268898729953395,1.5569178873497775,1.493370218478358,-2.4912125364057403
2395,Unexpected guest,xor,11,0.26723435727219064,0.11798273395757654,0.4130598476642267,0.6672505231499046,-0.1593443276016152
2395,Harold's pet,xor,2,-1.346256101729715,-1.3341124532125963,-0.3495121787928072,-0.15886917217854873,0.46248719474615146
2395,Frank's laptop,xor,27,-0.4588363492786669,1.061844605618189,0.3495121787928072,-0.03177383443570975,0.4935787708635398
2394,Presents,xor,31,0.36191904895892985,1.579584224608119,1.1249962258131154,1.0784446578484348,-1.3073560701583538
2394,Eyewitness,xor,19,-0.6654640577631936,-1.2072107572100073,-1.016375900562194,-1.016375900562194,0.9620167308712414
2394,Mrs. Sanders' son,xor,25,0.45531751320639563,-1.01501799984324,0.007758594660779996,0.7525836820956702,-0.4193406262772078
2394,Brad's clothes,xor,21,0.08172365621653255,0.7627650057993579,1.2180993617424767,1.171547793777796,-0.8140141568910504
2393,School,xor,15,-1.1984344759316876,0.07707030678466324,1.396991909127941,1.2509012519642349,-0.9742528292459103
2393,Crime,xor,24,1.0676961694664124,0.7229928779323171,2.0909225306555457,0.1552213232364379,-1.1231831980478328
2393,Eyewitness,xor,19,-0.6007736463761446,-1.8606974066582984,-0.61175462687302,-0.31957331254560745,-1.5947960325872546
2393,Harold's pet,xor,2,-0.8747015265891018,0.7229928779323171,-0.9404586054913591,-0.7578452840367262,0.4157639462387006
2392,Tony's clubbing,xor,9,0.01716332522894021,0.8220640570564243,-1.158358521134174,-0.93048471369794306,0.37831833229779954
2392,Rabbits,xor,23,0.520620865277853,0.1051930309977415,0.8013562228174124,0.938080507279151,0.056345283533714825
2392,Grandma,xor,16,-1.8593602331351895,1.663608305038356,0.8013562228174124,0.8013562228174124,-1.4891253505338917
2392,Danny's racket,xor,30,0.01716332522894021,0.8844006680180488,0.8013562228174124,0.8013562228174124,-0.7807846432529054
2391,Alissa's paint,xor,8,-0.8736511561887422,0.05314488167095533,1.2214806845285222,1.7292555649329886,-2.259370806150189
2391,Brad Pitt,xor,4,-1.1245458471967913,-1.2877413635654562,-0.7080638610084504,-0.6065088849275571,0.038294420443223544
2391,Crime,xor,24,0.23745390398976068,0.21666759450466405,0.7475574628176869,0.6460024867367935,0.7658884088644708
2391,Chloe's holiday,xor,14,0.20161180527432512,0.21666759450466405,0.47674419326863804,0.6798541454304247,0.7658884088644708
2390,Crime,xor,24,-0.1295253838309998,-1.4213221204536017,0.8521938676995376,0.699562130201113,-1.3277449192588797
2390,Gerald's graduation,xor,6,-0.8696704342938557,-0.2030460172076574,1.0048256051979623,1.157457342696387,-1.1273305918235772
2390,Semester abroad,xor,32,-0.4995979090624278,-0.6091380516229722,0.8140359333249315,1.1192994083217809,0.6763983550941463
2390,Harold's pet,xor,2,-0.7216414242012845,0.8121840688306295,-0.8649131791577396,-0.7885973104085272,0.7766055188117975
2389,Crime,xor,24,0.6363009539907292,0.04479640770585822,0.4781131273604885,0.6374841698139846,0.47127643600277086
2389,Hippies,xor,12,-1.5264629103508167,0.9183263579700935,0.6906078506318167,0.6906078506318167,0.06912054394707305
2389,Mrs. Sanders' son,xor,25,1.1110539973827758,0.9407245618230227,0.1062473616356641,0.1062473616356641,0.21992900346795974
2389,Grandma,xor,16,-0.20770445648402042,0.9407245618230227,0.1062473616356641,0.1062473616356641,1.1247797605932797
2388,Bill's order,xor,13,-0.4087299706293478,0.9847319278346618,0.5345992993602023,0.5345992993602023,1.4465113781170311
2388,Danny's racket,xor,30,1.9693353130323121,1.2309149097933272,1.6166798089085639,0.5345992993602023,0.6328487279262012
2388,Brad's clothes,xor,21,-0.3096439171434453,0.1846372364689991,0.5345992993602023,0.5345992993602023,0.1808139222646289
2388,Carl's party,xor,17,-1.1023323450306652,-0.3692744729379982,-0.16102388534945877,-0.5474812101881593,0.09040696113231445
2387,Crush,xor,28,-1.4826555193475974,0.04401142148911275,-0.09533861233159793,-0.27838874800826574,-1.0537498416352395
2387,Semester abroad,xor,32,1.1344161446965602,0.4841256363802403,-0.7817766211191023,1.002962201728409,0.6322499049811436
2387,Tony's clubbing,xor,9,0.5012536453310382,0.9682512727604806,-0.18686368016993185,-0.27838874800826574,0.4754127192493871
2387,Leo's prize,xor,18,-1.0183363531462146,0.22005710744556378,-0.9190642228766032,-0.8275391550382692,-1.0537498416352395
2386,Gerald's graduation,xor,6,-0.6805471021574756,-0.17492320275622295,1.1651695654671603,1.7228575626138354,-0.7993052538854531
2386,Tony's clubbing,xor,9,0.6692983897251207,-0.8946072369532545,-0.906242995363347,-1.0655824231195399,-0.36891011717790145
2386,Harold's pet,xor,2,-1.8954080448518122,-1.0545370223303725,-0.9460778523023952,-0.9859127092414435,0.7378202343558029
2386,Semester abroad,xor,32,0.12936019297208215,1.1444975266050015,0.9261604238328711,1.1253347085281122,-1.7830655663598571
2383,Frank's laptop,xor,27,1.1235823766314714,0.755762687791243,-0.7477010051867243,-0.591387206192984,0.354210974250025
2383,Brad's clothes,xor,21,-0.7687668892741647,-0.4990885674093114,-0.24749684840675545,0.0026052299832289676,-2.419820234613329
2383,Joshua's delay,xor,5,-0.7687668892741647,-0.014259673354551755,2.034684616901852,2.0659473767006005,-0.5406378028026698
2383,Bill's order,xor,13,-0.8160756209218055,1.0694755015913817,-0.560124446394236,-0.46633616699799185,0.354210974250025
2382,Mrs. Sanders' son,xor,25,0.95151072223792,0.9646248714762565,-0.6580139035246849,-0.6580139035246849,-0.06995743016851409
2382,Danny's racket,xor,30,-0.9971832369053402,-1.1307192202072676,-0.6580139035246849,-0.6580139035246849,1.0893371269097194
2382,Brad's clothes,xor,21,0.22075048755919743,0.4535653369192994,1.461968633901148,1.7384880953045176,0.24984796488755034
2382,Unexpected guest,xor,11,1.225545810242441,0.862412964564865,-0.6580139035246849,-0.6580139035246849,0.5296776855616068
2380,Lily's husband,xor,10,-1.5383121268049165,0.3664622303233648,-0.37577814649428504,-0.5975488559007484,0.4134446488498158
2380,Brad's clothes,xor,21,-0.21975887525784524,-1.937014645994928,-0.30185457669213056,-0.44970171629643946,-0.17895365397977103
2380,Eyewitness,xor,19,0.2746985940723065,-0.05235174718905211,0.1416868421207961,-0.22793100688997614,0.01851244696342459
2380,Jimmy's trip,xor,1,-1.2086738139181488,-0.12215407677445492,1.915852517372503,2.211546796581121,0.5615442245572125
2379,School,xor,15,-1.0039824979828083,0.7702738321252981,1.462907657599158,1.3989554102724189,-1.2901301414304258
2379,Joshua's delay,xor,5,-1.1895370190621393,-1.0475724116904053,1.2710509156189407,1.3669792866090493,0.3420345026117873
2379,Eyewitness,xor,19,-0.9244591318059522,-1.2324381314004769,-0.8393732461634513,-0.8393732461634513,0.9180926122737448
2379,Crush,xor,28,1.1166406000666877,1.1400052715454412,-0.6475165041832339,-0.7434448751733426,0.5820587149709363
2561,Lily's husband,xor,10,-1.054809379418168,0.38360216482281306,0.2806976862247102,0.43208520239084597,0
2561,Eyewitness,xor,19,0.3625907241749953,-1.2426087219474031,-0.9304024431043763,-0.9304024431043763,0
2561,Rabbits,xor,23,0.6592558621363551,-0.6917953570736202,1.3782571784291948,1.5674915736368646,0
2561,Mrs. Gibbs' worry,xor,29,0.42851631038863086,1.3803120631658488,0.9619415089723213,0.9619415089723213,0
2559,Gerald's graduation,xor,6,-0.9155657361372805,0.3168336994217685,1.322415764798588,1.8743806057579986,-1.4853643233519638
2559,College,xor,20,0.19058715323674003,-1.8450903672208872,0.44847143327952116,0.40247436319957025,-0.6634235910623395
2559,School,xor,15,-0.9155657361372805,0.27955914654861924,-0.011499267519987722,-0.011499267519987722,-1.4853643233519638
2559,Presents,xor,31,-0.3774373034688381,0.24228459367547003,-0.8394465289591037,-1.4374084399984652,0.6516815806010592
2558,Bill's order,xor,13,-1.6838903002143655,0.7715981699937795,0.2861053887066289,0.3423884159931788,0.08788971029354226
2558,Harold's pet,xor,2,-1.3086501218936155,0.21043586454375804,0.3423884159931788,0.11725630684697913,0.3955036963209401
2558,Gigi's exams,xor,22,0.04221452006108437,-1.6601051536229803,0.3423884159931788,0.3423884159931788,-0.6152279720547957
2558,Tony's clubbing,xor,9,0.6050747875422093,0.43490078672376664,0.2861053887066289,0.3423884159931788,0.703117682348338
2557,Jimmy's trip,xor,1,-0.023341318106431204,-2.2543506005536202,-1.228367822419411,-1.228367822419411,0.9047441481025852
2557,Crush,xor,28,1.0347984360517832,0.04221630338115394,-0.3820282701304389,-0.4525565661545199,0.586592359758819
2557,Alissa's paint,xor,8,-1.1748463446903705,-0.5656984653074628,1.9101413506521938,1.8043489066160725,-0.686014793616246
2557,Brad's clothes,xor,21,-1.0503593147894041,-0.09287586743853866,0.5348395781826142,0.5348395781826142,-2.1972357882491353
2555,Tony's clubbing,xor,9,-1.3819470925213808,1.1658937755365089,-0.8060065149885406,-0.8060065149885406,-1.4638876820953697
2555,Presents,xor,31,1.1203439392045762,0.9836041949965987,1.5246147331710949,1.4469273582324405,-0.044360232790768776
2555,Brad's clothes,xor,21,-1.1999622902140386,-1.051962787699065,-0.4952570152339225,-0.4952570152339225,0.13308069837230635
2555,Eyewitness,xor,19,0.6653819334362204,-1.3253971585089304,-0.5341007027032498,-0.4952570152339225,1.197726285350757
2553,Frank's laptop,xor,27,0.820366275010955,0.9583512861778416,-0.768453006258138,-0.3511934553487418,0.47312234317986473
2553,Gigi's exams,xor,22,0.515757700323343,-1.0333823477291317,-0.6015491858943796,-0.768453006258138,-1.2589865742243858
2553,Carl's party,xor,17,0.7095995205790961,-0.8696782134354079,0.5250516015609901,0.3581477811972317,-0.5212364797744272
2553,Tony's clubbing,xor,9,-1.6995773883138352,0.6855110623549685,-0.01738581462122489,-0.01738581462122489,-0.7778452082787607
2552,Eyewitness,xor,19,-1.1851048670963646,-1.85849900771006,-1.3432438775566728,-1.4386221410518214,0.2895695769814402
2552,Unexpected guest,xor,11,-0.13599564048646806,0.04243148419429361,-0.6755960330906343,-0.8027670510841655,0.6983736856611205
2552,Brad Pitt,xor,4,-0.33027512689570815,-1.0438145111796227,-0.3576684881068064,-0.4530467516019548,0.6983736856611205
2552,Gigi's exams,xor,22,0.33027512689570815,-0.33096557671549015,0.7232851648382085,0.8822489373301224,-2.2995231113232015
2549,Carl's party,xor,17,0.7834374935274712,-1.5458705189117738,-0.18756623055369767,-0.2192675652951677,-1.8705988535551883
2549,Gigi's exams,xor,22,0.3634503835952186,-1.7932098019376577,0.09774578211953253,-0.029059556846347555,-1.4707761978334686
2549,Jimmy's trip,xor,1,0.5895972889433546,0.21023839057200125,-0.758190255900158,-0.758190255900158,0.6996896475130093
2549,Gerald's graduation,xor,6,-0.5411372377973255,0.4081098169927083,2.0949298708321438,2.126631205573614,0.2998669917912897
2548,Rabbits,xor,23,-0.46043600555628356,-0.9756747236708169,0.1496551635461459,0.34070430849867267,0.6147032612280099
2548,Harold's pet,xor,2,-0.7991475498735496,0.26609310645567735,-0.8438003902069934,-0.5381217582829505,0.6147032612280099
2548,Joshua's delay,xor,5,-1.7729432397856897,-1.9513494473416337,1.6016286651853495,1.028481230327769,0.30520231851180907
2548,Hippies,xor,12,0.25932602611790684,-0.13304655322783868,-0.49991192929244516,-0.42349227131143447,0.133257350336142
2547,Rabbits,xor,23,0.7404149871759562,0.4770119642700958,1.4563014013307811,1.423203642209627,0
2547,Mrs. Sanders' son,xor,25,0.0662159744628904,0.4770119642700958,0.5295641459384659,0.5295641459384659,0
2547,Jimmy's trip,xor,1,-1.1377108339532986,0.4770119642700958,-1.12532381011924,-1.12532381011924,0
2547,Alissa's paint,xor,8,0.0662159744628904,-0.3808700179830997,0.5295641459384659,0.5295641459384659,0
2546,Hippies,xor,12,-0.5259498214371756,-0.12482807275066857,-0.4697778898199253,-0.26098771656662517,1.3766209391047852
2546,College,xor,20,0.982982080065342,0.43440169317232663,-0.7307656063865505,-1.2527410395198009,-0.36226866818546977
2546,Dave's kids,xor,3,-1.3384516145539158,-2.1220772367613656,-1.461531212773101,-1.1483459528931508,-0.1690587118198859
2546,Bill's order,xor,13,-1.51255914165036,0.7939065426942521,1.0961484095798257,1.0961484095798257,-1.0385035154650133
2544,Alissa's paint,xor,8,-1.4876786657884524,-0.9138488827056602,1.4321904027291315,0.7339975813986798,-0.07610937498419401
2544,Bill's order,xor,13,-1.3583153035459783,1.4348667977324168,0.6802904412963374,0.35804760068228275,0.21383110114606887
2544,Unexpected guest,xor,11,-0.1940450433637112,0.40937121894959444,-0.5549737810575386,-0.6623880612622235,-1.2068772318922192
2544,Pete's accident,xor,26,0.42043092728804093,0.6078542341978826,-0.716095201364566,-0.6623880612622235,-1.2068772318922192
2543,Crush,xor,28,1.2800370143446114,0.9530317253775005,-0.9764635785877653,-1.1444573125383486,0.5144685706830342
2543,Gigi's exams,xor,22,-0.7080058211210122,-1.3595381485243017,1.08145966230688,0.829469061381005,0.5144685706830342
2543,Hippies,xor,12,-1.0455980007283823,-0.3839227329719789,-1.3124510464889318,-0.8504682781248278,-2.3540834597920655
2543,Bill's order,xor,13,0.4923219285940813,1.3866385767340885,0.9134659283562966,0.8714674948686508,0.5144685706830342
2541,Mrs. Gibbs' worry,xor,29,-0.44794991230723524,1.2027772346159464,-0.7184955414072949,-0.29509638307799607,-0.4312374945926192
2541,Gigi's exams,xor,22,-0.3896800050152372,-1.3427830502855274,0.5517019335806016,0.8211377616083373,0.17400811185316212
2541,College,xor,20,1.4458220746827024,-0.35001453917395264,-0.25660555050260525,-0.21811471792721446,-0.18913925201430665
2541,Pete's accident,xor,26,1.8245764720806898,-0.7573041847581885,0.08981194267591197,0.051321110100521164,0.113483551208584
2539,Joshua's delay,xor,5,-1.2891176109867928,-1.0737823051338504,1.8820702365585245,0.5219687660819997,-2.4929068786507127
2539,Leo's prize,xor,18,1.2376998145371771,-1.3890211470080083,-1.3034305758733362,0.1998394704428228,-0.11466522269773295
2539,Jimmy's trip,xor,1,-1.6416967866413004,0.029553641425702305,-1.3750148637931532,-1.3034305758733362,0.29303334689420646
2539,Pete's accident,xor,26,0.5913046591705802,0.6994361804082879,0.34300804628245696,0.37880019024236555,0.19110870449622158
2538,Eyewitness,xor,19,1.348621848266254,-1.8130097668342047,-0.08222065999618709,-0.0274068866653957,-1.8119692986774947
2538,Semester abroad,xor,32,1.348621848266254,0.1352992363309108,0.7947997132964753,1.4525649932659719,-1.3271614595664594
2538,Dave's kids,xor,3,-0.16857773103328175,-0.8027754688967375,-1.1236823532812237,-1.617006313258346,0.2727044094999574
2538,Gigi's exams,xor,22,0.5619257701109392,-0.5502168944123705,0.1918482066577699,0.2466619799885613,0.46662754514437155
2537,Frank's laptop,xor,27,1.125213297260794,1.0675511082241513,-0.35324561438266705,-0.26673648432976904,-0.30434529698146234
2537,Jimmy's trip,xor,1,-0.9479069595106083,-1.0552094769152016,-0.6127730045413611,-1.3048460449645451,-1.2013630144005092
2537,Danny's racket,xor,30,-0.07501421981738628,0.8700850072809557,1.117409596516599,-1.131827784858749,0.016018173525340122
2537,Gigi's exams,xor,22,0.5796553349525303,0.27768670445136884,-0.007209094171075039,-0.007209094171075039,-0.3684179910828228
2535,Frank's laptop,xor,27,1.0934203108205516,1.294093458054473,-1.4951661119532684,-1.5994800267407057,0.583998220518374
2535,Greg's movie,xor,7,-1.5702502208024463,-0.8992852844107354,0.799740013370353,0.799740013370353,0.4778167258786697
2535,Brad's clothes,xor,21,0.008221205344515425,-0.8992852844107354,-1.2343813249846751,-0.8171256658349257,0.583998220518374
2535,Chloe's holiday,xor,14,0.008221205344515425,-0.8992852844107354,0.799740013370353,0.799740013370353,-0.583998220518374
2534,Gigi's exams,xor,22,0.8237238525815418,-0.021791431499877476,1.3166484922438382,0.7899890953463029,-1.1888908858518255
2534,Carl's party,xor,17,0.459182232715668,-1.416443047492036,0.3803651199815532,0.4974005415143388,-1.075663182437366
2534,Pete's accident,xor,26,1.3004321247138384,0.007263810499959158,0.3803651199815532,0.43888283074794604,-0.6227523687795276
2534,Alissa's paint,xor,8,-1.279400877413884,0.23970574649865223,0.4974005415143388,0.4974005415143388,-0.7359800721939872
2533,Brad Pitt,xor,4,0.04937397597852328,0.629879933323854,-0.45252275288348126,-0.00853816514874493,-1.1774860863781984
2533,School,xor,15,-2.284668524824395,-0.7138639244337012,1.8015528463851802,1.699094864600241,0.5274711427667043
2533,Crush,xor,28,0.7316325531362994,0.9658158977632427,-0.4183700922885016,-0.5549807346684205,0.7405907964098171
2533,Unexpected guest,xor,11,0.7316325531362994,0.9658158977632427,-0.5549807346684205,-0.5891333952634001,0.2291036276663463
2532,Presents,xor,31,-1.5229624703765887,0.7649756698857322,-0.29729419500528137,-0.29729419500528137,-1.2659784428928855
2532,College,xor,20,0.5561671820146586,-0.10928223855510459,-0.29729419500528137,-0.29729419500528137,-0.539100868026157
2532,Bill's order,xor,13,-0.44181505113314007,1.4518925979463895,-0.29729419500528137,-0.29729419500528137,1.156946806662876
2532,Unexpected guest,xor,11,-1.5229624703765887,-1.6704570750565988,-0.29729419500528137,-0.29729419500528137,1.156946806662876
2531,Leo's prize,xor,18,1.081513327431453,-0.45209382702787104,-0.27078296317069844,-0.27078296317069844,-1.2808316582903825
2531,Gigi's exams,xor,22,1.081513327431453,-0.258339329730212,-0.27078296317069844,-0.27078296317069844,0.003210104406742813
2531,School,xor,15,-2.0877564965435007,-1.8083753081114842,-0.27078296317069844,-0.27078296317069844,-1.2808316582903825
2531,Presents,xor,31,0.06734698375946777,-0.258339329730212,1.7105557917368504,1.7105557917368504,0.003210104406742813
2528,Semester abroad,xor,32,2.076586189861474,2.122739282656769,1.9008086446906618,1.9505029883427052,-0.22161858172899465
2528,Brad's clothes,xor,21,-1.3421023284956792,-1.0913518345862483,-0.8820745998237711,-0.2857424759992498,-0.22161858172899465
2528,Grandma,xor,16,-0.5408472070057215,0.011992877303145586,-0.13665944504311947,0.01242358591301086,-0.3259096790132274
2528,Frank's laptop,xor,27,0.47407594688155835,-0.22786466875976613,-0.08696510139107604,-0.13665944504311947,-0.3259096790132274
2526,Unexpected guest,xor,11,-0.13950805215190262,-0.16778901380350608,0,0,0.03430966330014145
2526,Crush,xor,28,2.3158336657215837,1.5772167297529571,0,0,1.4981886307728434
2526,Rabbits,xor,23,-0.13950805215190262,-0.16778901380350608,0,0,-0.05718277216690242
2526,Chloe's holiday,xor,14,-0.13950805215190262,-0.16778901380350608,0,0,-2.1615087879089114
2525,School,xor,15,0.5519741029020613,0.5085416767255924,1.0639227851305644,1.0212235429179664,0.7544659507512588
2525,Crime,xor,24,0.24389553384044566,-0.5599095228594906,0.4661333941541937,0.20993794087860626,-1.7918566330342394
2525,Unexpected guest,xor,11,1.0996693367893777,-0.4777209690452534,-0.3451522078851665,-0.17435523903477487,1.1788530480488417
2525,Alissa's paint,xor,8,-0.6118782691084865,-0.06677819997406768,0.6796296052171832,0.7223288474297811,0.04715412192195367
2524,Semester abroad,xor,32,0.8862116382118915,1.1474027564112252,0.7680379091729825,1.119140953366346,1.3025209850842092
2524,Frank's laptop,xor,27,0.8862116382118915,0.952100159575272,-0.6363742676004712,-0.6363742676004712,1.3025209850842092
2524,Leo's prize,xor,18,0.8862116382118915,-0.7219220990186128,0.9874773117938347,0.5485985065521304,-0.19580380821527327
2524,Jimmy's trip,xor,1,-1.1429938090012028,-0.1639146794873179,-0.6363742676004712,-0.7241500286488121,-0.4682264979060883
2523,Crime,xor,24,0.7532960197587419,-0.10743178240326613,0.8803192523860186,0.7310071530413935,0
2523,Presents,xor,31,-0.7268645804689615,1.481256393742003,1.7761918484537689,1.8508478981260814,0
2523,Hippies,xor,12,-1.9955736663784218,-0.2897402616330511,-0.4261616168794506,-0.5381456913879193,0
2523,Pete's accident,xor,26,0.9118846554974245,0.04883262836512097,-0.6501297658963882,-0.8740979149133257,0
2520,Alissa's paint,xor,8,-1.5746937507744383,-1.0713980459632044,0.3977336928089953,0.29830026960674644,-1.2217028406566022
2520,College,xor,20,1.2586652471588071,-1.0713980459632044,0.29830026960674644,0.29830026960674644,-0.6933989095618552
2520,Brad Pitt,xor,4,-0.3541698747416557,0.4226616144625486,0.29830026960674644,0.29830026960674644,1.1556648492697588
2520,Grandma,xor,16,-1.2259726433365004,0.501296333432325,0.29830026960674644,1.5909347712359811,0.09905698708026503
2517,Joshua's delay,xor,5,-1.0603712697591607,-0.18036627161182892,1.20761472884912,1.20761472884912,0.5326759428762908
2517,Tony's clubbing,xor,9,0.14431088286663135,0.5804514559144313,0,0,0.5326759428762908
2517,College,xor,20,0.24470106225211402,-0.18036627161182892,0,0,-2.2525577453657526
2517,Semester abroad,xor,32,-1.0603712697591607,1.131388431019654,1.20761472884912,1.20761472884912,0.5326759428762908
2516,Dave's kids,xor,3,-0.31460422037006053,-1.8352369514013125,-1.3983609788993512,-1.3983609788993512,-1.6774734738321644
2516,College,xor,20,-0.597748018703115,-0.38595111853503994,-0.4476339677496507,-0.20995221496222558,-1.6774734738321644
2516,Mrs. Sanders' son,xor,25,1.2584168814802421,-0.6380008285987395,-0.40009761719216563,-0.019806812732285482,0.6574280925563667
2516,Lily's husband,xor,10,-1.8247044781463508,1.315384424394932,0.9309201984174149,0.8358474973024449,0.3036551279520438
2514,Bill's order,xor,13,-1.3046759105638666,1.2330483916526696,-0.2904986176139997,0.026408965237636386,-1.4819148939638411
2514,Crush,xor,28,0.35582070288105455,0.5883172064748031,0.8186779223667265,0.26408965237636345,0.5621056494345604
2514,Harold's pet,xor,2,-0.5666774156994572,-0.05641397870306331,-1.241221366168908,-1.241221366168908,0.5621056494345604
2514,Crime,xor,24,-0.14496399006265184,0.36266129166254985,1.0563586095054536,0.8186779223667265,0.5621056494345604
2512,School,xor,15,-1.353781661468046,-1.214902711805082,0.4646612335752588,0.6274622497184152,0.17243745159687027
2512,Gigi's exams,xor,22,0.532936672161629,0.2646041035078984,-0.9598476576773598,-0.8377468955699925,-1.826429334260728
2512,Joshua's delay,xor,5,-1.353781661468046,1.061261619445657,1.1972658062194625,1.1565655521836735,-1.3759804811097198
2512,Pete's accident,xor,26,1.096501888700363,0.37841232007043535,-0.9598476576773598,-1.2854496899636725,0.9888759979330723
2511,Carl's party,xor,17,0.26678085556478226,-1.1840720075515,0.9789484634596509,0.9789484634596509,0.4116136034332286
2511,Semester abroad,xor,32,-0.893135907760358,-1.31987954963626,0.9354396428614442,0.9789484634596509,-1.8877451467799795
2511,Grandma,xor,16,-0.893135907760358,1.3623194065377475,0.9789484634596509,0.9789484634596509,0.6954850540768346
2511,Dave's kids,xor,3,-0.9395325782933636,-0.6408418392124606,-1.0659661046560642,-0.9354396428614442,0.4967750386263104
2510,Mrs. Sanders' son,xor,25,0.24046422695831635,0.5159910911920214,-0.3430859386665381,-0.4159537486488117,-2.4276159807611433
2510,Presents,xor,31,1.0449263680552292,0.8085214736000965,0.7863651160587026,0.5677616861118818,0.19049702867139756
2510,Rabbits,xor,23,0.6951602197522236,-1.499218209841385,0.13055482621824027,0.5677616861118818,0.38587859653949763
2510,Bill's order,xor,13,-1.158600366253706,0.8085214736000965,0.7863651160587026,0.6770634010852923,0.3077259693922576
2509,Mrs. Gibbs' worry,xor,29,-0.7721814922452774,0.9296897718702842,0.37652793453276073,0.5144923685600319,-0.8585962202252111
2509,Brad's clothes,xor,21,-0.6262574307186108,0.0936896669326643,0.30754571751912513,0.30754571751912513,0.4658750791356527
2509,Pete's accident,xor,26,1.2221140152858327,-1.2900346446882238,-1.417009707821764,-1.4515008163285819,-0.6121829552278412
2509,Bill's order,xor,13,-1.161312322983055,0.9585173616957193,0.2040723919986718,0.34203682602594293,-1.0434061689732386
2508,Jimmy's trip,xor,1,-1.1672881557481174,0.32385832130849035,-1.2779353225576253,-1.2493248302615592,0.044044818297881386
2508,Bill's order,xor,13,-1.3611630051457286,0.1539654314417413,0.8392411073512764,0.7534096304630777,0.48449300127669526
2508,Rabbits,xor,23,0.8360852880271983,0.32385832130849035,0.9822935688316077,0.8392411073512764,-0.6606722744682209
2508,Alissa's paint,xor,8,-1.2319131055473211,-0.9928115751588146,1.125346030311939,1.1825670149040712,-1.8939271868088996
2506,Presents,xor,31,-0.30031611018595666,-0.5898179038408116,1.6692427673486392,1.2861378699243613,0.3351674096249132
2506,Jimmy's trip,xor,1,-1.361898639215385,1.075550295239127,0.02736463553030556,0.02736463553030556,0.3351674096249132
2506,Brad's clothes,xor,21,-0.41206163955747543,0.3538907423044869,0.02736463553030556,0.02736463553030556,-0.7075756425414834
2506,Alissa's paint,xor,8,-0.41206163955747543,-0.3122565373274884,0.6293866171970279,0.5746573461364167,-1.3034288152079958
2505,Lily's husband,xor,10,-0.36041073479162716,1.4166160765217521,0.37617943685819816,-0.4572027001815027,-0.37447122919627995
2505,College,xor,20,-0.6040686963408962,0.21714552997778683,-0.8044452572813781,-1.0822393029612785,0.8238367042318159
2505,Alissa's paint,xor,8,-0.8883363181483768,-1.0236860698952808,1.209561573897899,-0.2488571659215775,0.6906913782953608
2505,Crime,xor,24,0.45178247037260305,-0.2791871099714402,0.7234219939580735,1.4873556195777993,-1.7724971515290584
2503,Pete's accident,xor,26,1.241432387037127,-0.7428552101787066,-0.5935947074784106,-0.6948715296074286,1.1236270190753026
2503,Joshua's delay,xor,5,-1.3198386430605247,-0.5749783265225017,1.161870209424567,1.5669774979406388,-1.5039315486084819
2503,Chloe's holiday,xor,14,-0.5357760828265495,1.1709412635020289,1.431941735101948,1.3306649129729302,0.8470419066875358
2503,Unexpected guest,xor,11,-0.7448594322222762,2.0774764352455355,-0.9649430552848097,-0.9649430552848097,0.6396030723967107
2377,Chloe's holiday,xor,14,0.1333107020383694,0.9567512669453635,-0.48864133445079877,-0.3438587168357473,-0.32125554968767184
2377,Rabbits,xor,23,-0.1431855688560264,-0.7757442704962406,2.407011017850231,1.7554892385824994,0.7801920492414888
2377,Eyewitness,xor,19,-0.6171791761035621,-1.6290629680421054,-0.416250025643273,0.09048913600940718,0.04589364995538169
2377,Unexpected guest,xor,11,-0.3406829052091663,0.8016024128461153,-0.1990760992206958,-0.05429348160564431,0.7801920492414888
2376,Rabbits,xor,23,1.5049737072822236,0.6240886811619718,0.3566517268811925,0.3566517268811925,0.5237328691197356
2376,Danny's racket,xor,30,0.1568891509522009,1.0141441068882042,0.3566517268811925,0.3566517268811925,0.5237328691197356
2376,Lily's husband,xor,10,-0.8193100105281603,1.0141441068882042,0.3566517268811925,0.3566517268811925,0.5237328691197356
2376,Harold's pet,xor,2,-0.8193100105281603,0.2600369504841549,0.31207026102104346,0.3566517268811925,0.5237328691197356
2374,Chloe's holiday,xor,14,-0.611691318308665,-0.27702132116339034,-0.41132475252097844,-0.41132475252097844,0.4093572323721135
2374,Eyewitness,xor,19,-0.5774708249767118,-1.1442185004574819,-0.5100426931260132,-0.7074785743360829,-1.637428929488454
2374,Rabbits,xor,23,-0.9196757582962446,-0.5982054616426835,-0.8061965149411177,-0.8061965149411177,-1.637428929488454
2374,Gerald's graduation,xor,6,-0.611691318308665,-0.30913973521131966,1.7111109704872698,1.8098289110923045,0.272904821581409
2372,Semester abroad,xor,32,0.6780287244939404,0.7848216608819251,0.6921364579495761,0.9476945347309581,-1.9444518416566525
2372,Gigi's exams,xor,22,0.6282651483842934,0.35915567531884707,0.8518602559379399,0.6282469387542307,-0.6961617704696658
2372,Bill's order,xor,13,-0.8397603468502931,0.7848216608819251,0.14907554478913942,0.24490982358215765,0.5521283007173211
2372,Alissa's paint,xor,8,-1.0885782273985283,-0.0931144343419233,0.8518602559379399,0.9476945347309581,-0.02400557829205744
2371,Gerald's graduation,xor,6,-0.9198102887736835,0.4935070134725957,1.3979599635302171,1.3979599635302171,0.47175347673547285
2371,Crush,xor,28,0.9319932065057853,0.8111667003055308,-0.3208432703184106,-0.3895953996723557,0.47175347673547285
2371,Lily's husband,xor,10,-0.9198102887736835,0.8111667003055308,-0.3208432703184106,-0.3208432703184106,0.47175347673547285
2371,Brad's clothes,xor,21,-0.9198102887736835,-0.9586515549065364,-0.3552193349953831,-0.3208432703184106,0.47175347673547285
2369,Mrs. Sanders' son,xor,25,0.774137989234484,1.0791763939131755,1.0012402502482867,1.0012402502482867,0.1923874509449936
2369,Tony's clubbing,xor,9,-1.2486096600556191,0.34615091880233934,1.0012402502482867,1.0012402502482867,0.6370162264623122
2369,Leo's prize,xor,18,-0.24972193201112386,-0.27827818962541,-0.3885409926336636,-0.6126992576146233,0.6370162264623122
2369,Harold's pet,xor,2,-1.2486096600556191,-1.0656018480777896,-0.7023625636070072,-0.881689175591775,0.6370162264623122
2367,Danny's racket,xor,30,-1.4739299820833296,1.5305773880899063,0.4313658619523963,0.03318198938095356,0
2367,School,xor,15,-0.031811438462230134,0.7862236431221707,0.4313658619523963,0.4313658619523963,0
2367,Dave's kids,xor,3,-0.5832097051408858,-0.3303069743294327,0.4313658619523963,0.5640938194762105,0
2367,Crush,xor,28,1.4951376077248164,-0.3303069743294327,-1.2940975858571888,-0.8959137132857461,0
2366,Carl's party,xor,17,1.07732384043465,-0.4475031827573639,0.4886669445853483,0.4886669445853483,-1.8440880545889016
2366,Gerald's graduation,xor,6,-0.6293277879766767,-0.14666070695409406,1.6678415282586887,1.6678415282586887,0.13039006446588194
2366,Unexpected guest,xor,11,0.010666572677570792,0.6054454825540806,-0.8498555558006056,-0.8179859724580829,0.09313576033277281
2366,Mrs. Sanders' son,xor,25,-0.2453311715841282,0.5151927398130997,0.4886669445853483,0.4886669445853483,0.5029331057969731
2365,Frank's laptop,xor,27,0.03520064872275761,-0.018097262694412315,0.44365450392155337,0.44365450392155337,0.26983580207855434
2365,Joshua's delay,xor,5,-1.2476674380621864,0.6575338778969808,0.49636593013005476,0.49636593013005476,0.18988445331453827
2365,School,xor,15,1.1303319423196612,1.2849056513032744,1.3924601756745787,1.1816144708405731,-1.0093857781457034
2365,Harold's pet,xor,2,-0.43414133424734386,0.03016210449068719,-0.9268425774994832,-0.7159968726654775,0.3098114764605624
2364,Presents,xor,31,-0.35786949779476734,0.5814260395503782,-0.401257355682126,-0.332470380422333,-1.5639888405124853
2364,Crush,xor,28,1.815856340662338,0.4456184974656183,0.080251471136425,0.149038446396218,-0.3723782953601155
2364,Brad Pitt,xor,4,-0.8880465315647931,-0.33527486952175095,0.35539937217559703,-0.194896429902747,0.4220287347414643
2364,Lily's husband,xor,10,-0.5699403113027777,0.785137352677518,0.011464495876632005,0.286612396915804,-0.670280931648208
2363,Joshua's delay,xor,5,-1.4397787326312026,-0.7893795883259687,1.2480095728890883,1.5426216687842174,0.9800421605617408
2363,Lily's husband,xor,10,-0.8079770946833331,0.6991647782315723,-0.12684687462151403,0.020459173326050514,-0.33621884340439284
2363,Eyewitness,xor,19,-0.22477558273145357,-2.1426017397419153,-1.7472134020447239,-1.8945194499922884,-1.3091074115532741
2363,Rabbits,xor,23,0.5042263072083959,-0.022553702523599107,0.26596925323865805,0.26596925323865805,-1.6524798473705264
2362,Bill's order,xor,13,-1.4356485699263122,0.9917783499624965,-0.13971642369104123,-0.04298966882801266,-2.4704392677090032
2362,Alissa's paint,xor,8,-1.4356485699263122,-0.46213755574168686,1.5691229122224637,1.7948186735695304,0.48125440280045523
2362,Leo's prize,xor,18,1.0503229797296396,-1.0437039180233603,-0.3331699334170984,-0.9135304625952698,0.48125440280045523
2362,Rabbits,xor,23,1.0503229797296396,0.036347897642604585,-0.3976544366591174,-0.30092768179608886,-0.41708714909372785
2360,Rabbits,xor,23,0.277515065298784,0.19433892479680218,-0.6604934680003101,-0.7457184316132532,0.4854989390906596
2360,Grandma,xor,16,-1.2362034726945832,-1.4518260852466986,0.021306240903235806,-0.06391872270970743,-0.8853215948123793
2360,Crush,xor,28,1.1857461880948044,0.25530799924285774,2.2371552948397597,1.555355585936214,0.6160532756528538
2360,Jimmy's trip,xor,1,-0.7989070061631661,1.2917822648258028,-0.9161683588391397,-0.9161683588391397,0.5181375232312082
2359,Lily's husband,xor,10,-0.9860496649965697,0.34445986949198953,-0.09156952458915683,0.10234240983494007,-1.5180009924906657
2359,Gerald's graduation,xor,6,-0.8639382513747035,-0.5649141859668628,1.5243632622783176,1.685956540965065,-0.8160352156163694
2359,College,xor,20,0.186219905773346,-0.09644876345775706,-0.8672172622855445,-0.8672172622855445,-0.7458386379289398
2359,Danny's racket,xor,30,1.285222628370142,0.9231524502385319,0.9426274590060267,1.0395834262180752,0.23691344969507497
2358,Greg's movie,xor,7,-0.7948407301569962,-0.5276502235171747,1.7718699814583083,1.8035576711416164,-2.5861844804613034
2358,Dave's kids,xor,3,-1.4488811024004675,-1.5739310086110598,-0.7948328828896435,-0.7948328828896435,0.39277357987282124
2358,Rabbits,xor,23,0.8765957766874302,-0.23902104142230993,0.7895516012757589,0.7895516012757589,0.39277357987282124
2358,Frank's laptop,xor,27,1.1672803865734174,0.2300013794818454,-0.7948328828896435,-0.7948328828896435,0.39277357987282124
2357,Hippies,xor,12,-0.7089881084992309,0.6528686296767792,-0.2449269983434581,0.5566522689624053,0.3055703177632389
2357,Rabbits,xor,23,1.2246158237713987,-0.6354587995520651,-0.11133045379248087,0.022266090758496362,0.3500169094378918
2357,College,xor,20,0.29004058984059444,-0.9140160815474908,0.9574419026153369,0.5566522689624053,0.3500169094378918
2357,Grandma,xor,16,-1.3212960203849302,-0.6006391393026368,0.423055724411428,0.15586263530947359,0.4833566844618506
2354,Greg's movie,xor,7,-1.9272409367240424,-0.5664447939926275,1.9916444226900456,0.5471550611785839,-1.348017469693093
2354,Brad Pitt,xor,4,-0.6076885836517251,-1.3545418986780222,-0.24074822691857695,-0.10943101223571679,0.8188891171032809
2354,College,xor,20,-1.0243893267271937,-0.32016444877844163,-0.19697582202429023,-0.10943101223571679,-1.700769704752968
2354,School,xor,15,0.7118637694205922,1.009749415378162,-0.15320341713000352,-0.28452063181286363,-0.46613688204340603
2352,Mrs. Sanders' son,xor,25,-0.4341275632928267,0.36259099996484784,0.4224267707939892,0.4224267707939892,0.5593971487843205
2352,Mrs. Gibbs' worry,xor,29,0.8381670776445664,1.0451152351927968,1.251339679521817,1.0919333509203117,0.5593971487843205
2352,Unexpected guest,xor,11,1.113257810820219,0.4113427310525585,0.4224267707939892,0.4224267707939892,0.5593971487843205
2352,Brad Pitt,xor,4,0.21921292799934813,0.9476117730173754,-1.1716365152210644,-1.1716365152210644,0.5593971487843205
2351,Crime,xor,24,0.858463162187577,-0.10222935020698273,-0.06389138205363158,-0.8305879666972106,-0.4348908043149402
2351,Chloe's holiday,xor,14,-2.2495494541995633,-0.07402815014988405,0.3194569102681579,0.3194569102681579,-1.014745210068194
2351,Mrs. Sanders' son,xor,25,0.25691233320942086,1.0822210521911622,0.12778276410726316,0.3194569102681579,1.2154640428289356
2351,Danny's racket,xor,30,0.25691233320942086,1.0822210521911622,0.3194569102681579,0.3194569102681579,-0.2118698790252273
2348,Tony's clubbing,xor,9,-1.1880082644340637,0.649957532074712,1.0022584316553738,0.9635860805947163,-2.590045044653342
2348,Alissa's paint,xor,8,-1.1880082644340637,-0.914542014158223,-1.1633932277414467,-1.1633932277414467,0.3700064349504774
2348,Crush,xor,28,0.9240064278931607,1.3861926126549167,0.7702243252914287,0.7702243252914287,0.3700064349504774
2348,School,xor,15,-0.13200091827045152,0.2358252992483468,0.7702243252914287,0.7702243252914287,0.3700064349504774
2347,Unexpected guest,xor,11,0.7865770811092238,0.30906027851147516,-0.2560494777717518,-0.20949502726779692,0.37000643495047747
2347,Grandma,xor,16,-1.268154885869973,0.9271808355344255,1.1871384878508493,1.1871384878508493,0.37000643495047747
2347,Mrs. Gibbs' worry,xor,29,0.40131483730062434,0.9271808355344255,1.1871384878508493,1.1871384878508493,0.37000643495047747
2347,Dave's kids,xor,3,-1.781837877614772,-1.6483214853945343,-1.1405840373468943,-1.1405840373468943,0.37000643495047747
2346,Brad's clothes,xor,21,-0.7496919025456925,-1.4095146393852416,2.9549441920828876,0.14937080531408,-1.5386689514788658
2346,Harold's pet,xor,2,-0.7768300709636361,0.6336350213750168,-0.3961573532242993,0.2273033993909913,-0.7445172345865481
2346,Mrs. Gibbs' worry,xor,29,1.0414272130385864,0.7370856371097134,0.14937080531408,-0.24029216507047663,-0.04963448230576987
2346,Hippies,xor,12,-0.993935418307185,0.5043217517066461,-0.08442697691665399,-0.7858203236088559,-0.5459793053634685
2345,Danny's racket,xor,30,-0.8925693809384838,1.0062791829027002,1.388422119326593,1.388422119326593,0.37000643495047747
2345,Harold's pet,xor,2,-0.8925693809384838,0.17635820731284438,0.0825548287167163,-0.8630732093111255,0.37000643495047747
2345,Tony's clubbing,xor,9,1.4562974110048945,1.0062791829027002,-0.8630732093111255,-0.8630732093111255,0.37000643495047747
2345,Chloe's holiday,xor,14,-0.42279602254980814,-1.0685232560719395,1.388422119326593,1.1632725864628213,0.37000643495047747
2343,Mrs. Sanders' son,xor,25,0.7688749684099826,-0.8036654309277339,0.4908632218483739,0.4908632218483739,-1.2084943733376785
2343,Gigi's exams,xor,22,-0.4402959220809302,-1.1999935886455204,0.4908632218483739,0.4908632218483739,-1.3517233361036256
2343,Joshua's delay,xor,5,-0.4402959220809302,-0.8036654309277339,0.4908632218483739,0.4908632218483739,0.9399400681515278
2343,Grandma,xor,16,-0.4402959220809302,1.3981576675044136,0.4908632218483739,0.900627302695712,0.9399400681515278
2342,Harold's pet,xor,2,-0.9673379057159062,-0.7668192955802788,-0.8052216624375874,-0.29961736276747447,-0.874219976774568
2342,Lily's husband,xor,10,-0.6101669866823408,0.26888468806061727,0.20598693690263847,0.37452170345934277,0.6195927990732375
2342,Pete's accident,xor,26,0.9971021489687033,1.0655800600920757,0.2621651924215399,0.2621651924215399,0.6195927990732375
2342,Alissa's paint,xor,8,-0.5506385001767466,-0.07634997315301477,1.8913346024696815,1.6104433248751744,0.6195927990732375
2341,Jimmy's trip,xor,1,-0.14008871836308845,-0.5864280086339931,-0.4423427112657356,-0.4015110763796677,0.3244492648755301
2341,Presents,xor,31,-0.14008871836308845,0.2837554880487063,1.7217339376958627,1.7625655725819307,0.2328400606753804
2341,Unexpected guest,xor,11,-2.049446064941479,-0.2837554880487063,-0.27901617172146403,-0.3198478066075319,0.44659487047572966
2341,Rabbits,xor,23,0.10895789206017989,-0.32158955312186716,0.4967848911138259,0.5376165259998938,-2.5765088681292094
2339,Carl's party,xor,17,1.135366285448261,-0.6937801223362993,0.5530530403299734,0.7505719833049639,-1.1165297671146637
2339,Crush,xor,28,1.135366285448261,1.4989076717142267,-1.4221363894199317,1.224617446444941,-1.1913809246865965
2339,Alissa's paint,xor,8,-1.0404888799790468,0.3340422811248848,1.3826326008249334,0.9085871376849564,0.1808902974655042
2339,Rabbits,xor,23,0.4016476831530059,-1.173430577284852,-0.395037885949981,-0.3555340973549829,-1.1913809246865965
2338,Harold's pet,xor,2,-1.1513022839346347,-0.3666570723035882,-0.9968785252279522,-0.7936314472688552,-0.9517115953201901
2338,Eyewitness,xor,19,-1.1513022839346347,-1.2832997530625585,-0.9968785252279522,-0.9968785252279522,-0.2167991665015105
2338,Tony's clubbing,xor,9,-0.05368767127156327,0.6416498765312793,0.1354980519727313,0.7162039889987227,-0.6871431209454655
2338,Gigi's exams,xor,22,1.067788128623314,-0.3972118283288872,1.2678746291734146,1.790509972496807,1.1942326968303545
2337,Danny's racket,xor,30,0.43415713379200094,-1.0583908634020662,0.9018704317397763,1.1547313004518631,0.7318109833621534
2337,Lily's husband,xor,10,-0.3417832755383837,0.686092569743048,0.19385999934593334,0.4972930418004375,0.21632148564793216
2337,Jimmy's trip,xor,1,-1.265521858074556,0.3031571819794863,-0.8681556492448312,-0.16014521685098818,0.6581696265458361
2337,Greg's movie,xor,7,-1.0807741415673215,-0.5903587228021575,2.115602601557793,-0.36243391182065765,0.6581696265458361
